id,name,species,gender,height,mass,hair_color,eye_color,skin_color,birth_year,homeworld,year_died,description
1,zen fisto,Ewok,Female,0.93,20.3,  WHITE ,BROWN,brown,62.1BBY,Naboo,85.2,A Ewok Female from Naboo.
2,  Rex Talon ,  human ,Female,1.8,57.3,  BLOND ,grey,Dark,unknown,RODIA,,A Human Female from Rodia.
3,  Qui Dark ,  Gungan ,Male,1.95,93.5,,YELLOW,  Brown ,171.6ABY,Rodia,,A Gungan Male from Rodia.
4,ZEN KENOBI,Human,male,unknown,86.2,Blond,green,  Light ,291.7BBY,Crait,363.9,A Human Male from Crait.
5,TORO AMIDALA,hutt,Hermaphrodite,3.51,"1,467",,Yellow,  Tan ,160.5BBY,TAKODANA,217.4,A Hutt Hermaphrodite from Takodana.
6,Bail Rex,HUMAN,  Male ,1.96,95.4,Auburn,Grey,Tan,291.4BBY,  Crait ,369.5,A Human Male from Crait.
7,DAX KOON,RODIAN,Female,1.77,62.0,,Black,Blue-Green,218.2ABY,Alderaan,250.7,A Rodian Female from Alderaan.
8,  Poe Cloud ,  Mon Calamari ,Male,1.75,58.7,,BLUE,Blue,477.8BBY,HOTH,524.1,A Mon Calamari Male from Hoth.
9,Sora Organa,Ewok,female,1.07,10.6,White,black,  Brown ,391.8ABY,  Jakku ,,A Ewok Female from Jakku.
10,  Jyn Rex ,  MON CALAMARI ,  Female ,1.86,76.7,,  Orange ,salmon,408.7BBY,Geonosis,,A Mon Calamari Female from Geonosis.
11,  Bodhi Sky ,,  male ,1.8,63.5,,  Blue ,  BROWN ,444.0ABY,BOTHAWUI,,A Mon Calamari Male from Bothawui.
12,CASS SUN,  human ,male,1.61,64.3,  Grey ,hazel,  Light ,177.3BBY,Coruscant,,A Human Male from Coruscant.
13,CHIR STAR,  Jawa ,Female,0.83,54.6,,  Yellow ,UNKNOWN,271.3BBY,Jakku,,A Jawa Female from Jakku.
14,  ZEN WIND ,Wookiee,Female,2.14,143.1,BROWN,blue,Brown,273.3BBY,  bespin ,305.9,A Wookiee Female from Bespin.
15,  Saw Sun ,Ewok,female,1.01,26.6,White,BROWN,Brown,421.0BBY,rodia,,A Ewok Female from Rodia.
16,Luma Amidala,human,MALE,1.49,66.8,  Brown ,  Hazel ,Pale,323.1ABY,  Naboo ,,A Human Male from Naboo.
17,  sora koon ,HUMAN,Female,1.9,89.3,black,BROWN,FAIR,310.3BBY,Dagobah,346.0,A Human Female from Dagobah.
18,Echo Erso,  HUMAN ,FEMALE,1.97,99.3,Auburn,Green,pale,283.1BBY,RODIA,,A Human Female from Rodia.
19,KIT WIND,  Mon Calamari ,Male,1.84,unknown,,BLUE,  Brown ,213.3BBY,  bespin ,,A Mon Calamari Male from Bespin.
20,Chir Born,Gungan,FEMALE,1.95,71.5,,Orange,ORANGE,374.9BBY,JAKKU,438.5,A Gungan Female from Jakku.
21,  jyn vader ,  Hutt ,Hermaphrodite,4.05,830.1,,  yellow ,Green,414.3BBY,hoth,,A Hutt Hermaphrodite from Hoth.
22,Ahs Rex,HUMAN,male,1.9,88.5,Auburn,Hazel,Pale,298.5BBY,Hoth,,A Human Male from Hoth.
23,Luma Amidala,,  male ,1.86,74.3,,brown,Pale,340.3ABY,Hoth,,A Zabrak Male from Hoth.
24,Cass Star,  Jawa ,  FEMALE ,1.04,43.3,,Yellow,Unknown,173.9ABY,ALDERAAN,,A Jawa Female from Alderaan.
25,  SAW VADER ,,MALE,0.85,14.4,White,BROWN,PINK,29.6BBY,CORUSCANT,,A Ewok Male from Coruscant.
26,Jax Windu,Human,FEMALE,1.94,83.5,Brown,Brown,Fair,12.5BBY,  Exegol ,,A Human Female from Exegol.
27,  Fiv Cloud ,  JAWA ,FEMALE,unknown,11.7,,YELLOW,Brown,173.2BBY,  EXEGOL ,,A Jawa Female from Exegol.
28,K-2 Cody,Gungan,  Female ,unknown,66.2,,  Yellow ,  Orange ,379.7ABY,Rodia,,A Gungan Female from Rodia.
29,Luma Vader,Human,  Female ,unknown,91.9,auburn,Green,light,345.0ABY,Hoth,369.7,A Human Female from Hoth.
30,k-2 fett,Human,  Male ,1.61,66.5,Auburn,Blue,LIGHT,191.5BBY,mon cala,,A Human Male from Mon Cala.
31,kit cody,rodian,Male,1.72,67.6,,  Black ,Green,111.1BBY,  Naboo ,,A Rodian Male from Naboo.
32,VOOLV FETT,gungan,Male,1.92,65.4,,Orange,Brown,unknown,  Dagobah ,521.0,A Gungan Male from Dagobah.
33,Baze Dark,  Rodian ,Male,1.6,50.5,,black,BLUE-GREEN,404.3BBY,exegol,,A Rodian Male from Exegol.
34,YORA SOLO,  Rodian ,male,1.64,76.1,,Black,GREEN,171.2BBY,  Kamino ,212.7,A Rodian Male from Kamino.
35,Poe Moon,  ZABRAK ,Female,1.78,78.4,,red,  red ,298.2BBY,  Dagobah ,,A Zabrak Female from Dagobah.
36,dax ginn,Twi'lek,Female,1.66,75.5,,Brown,YELLOW,135.1BBY,Naboo,,A Twi'lek Female from Naboo.
37,Ahs Talon,Human,FEMALE,1.69,61.3,Brown,Hazel,Light,unknown,mon cala,390.3,A Human Female from Mon Cala.
38,Bodhi Sky,Hutt,  hermaphrodite ,unknown,998.3,,Yellow,Green,unknown,dagobah,467.1,A Hutt Hermaphrodite from Dagobah.
39,  Padm Star ,HUTT,Hermaphrodite,4.09,"1,238",,  yellow ,  Green ,191.8BBY,exegol,241.7,A Hutt Hermaphrodite from Exegol.
40,Dax Amidala,,  Female ,1.74,unknown,,  Orange ,salmon,277.2ABY,rodia,331.1,A Mon Calamari Female from Rodia.
41,Luma Organa,twi'lek,FEMALE,1.65,69.5,,  BLUE ,green,unknown,sullust,,A Twi'lek Female from Sullust.
42,Bail Fisto,Mon Calamari,  Female ,1.82,77.8,,Orange,Salmon,89.1BBY,  Kamino ,178.5,A Mon Calamari Female from Kamino.
43,Kit Organa,  ewok ,Female,1.06,21.8,  Brown ,Brown,pink,unknown,DAGOBAH,391.8,A Ewok Female from Dagobah.
44,Fox Moon,human,Female,1.51,46.5,  BROWN ,Green,LIGHT,298.7ABY,Mon Cala,,A Human Female from Mon Cala.
45,Elow Ginn,Rodian,MALE,1.87,51.5,,black,  Blue-Green ,474.4BBY,Mon Cala,,A Rodian Male from Mon Cala.
46,finn sky,TWI'LEK,  MALE ,1.85,59.7,,BROWN,  Pink ,367.0BBY,rodia,,A Twi'lek Male from Rodia.
47,  VOOLV GINN ,Human,FEMALE,1.56,unknown,  Auburn ,hazel,Tan,332.3BBY,Jakku,,A Human Female from Jakku.
48,baze fisto,  HUMAN ,Male,1.77,99.3,,Grey,  Tan ,unknown,EXEGOL,244.4,A Human Male from Exegol.
49,K-2 Windu,Human,Male,unknown,73.1,  Auburn ,  hazel ,Pale,412.3BBY,bespin,470.5,A Human Male from Bespin.
50,  KIRA SUN ,  Wookiee ,  male ,2.17,121.4,  Black ,blue,  BROWN ,335.1BBY,  Geonosis ,375.4,A Wookiee Male from Geonosis.
51,Kira Mothma,human,Male,1.53,85.4,  grey ,brown,  FAIR ,64.2BBY,Geonosis,124.6,A Human Male from Geonosis.
52,Qui Windu,Mon Calamari,male,1.78,71.0,,orange,blue,unknown,NABOO,59.9,A Mon Calamari Male from Naboo.
53,  sora rex ,ZABRAK,Female,1.71,74.0,,  yellow ,tan,39.0BBY,Kashyyyk,,A Zabrak Female from Kashyyyk.
54,Jax Cody,Hutt,  HERMAPHRODITE ,2.78,1196.0,,  YELLOW ,Brown,373.0BBY,  Exegol ,,A Hutt Hermaphrodite from Exegol.
55,Jyn Light,Ewok,Female,0.67,20.9,  Black ,  BLACK ,Brown,273.7BBY,Geonosis,,A Ewok Female from Geonosis.
56,  Finn Moon ,Human,FEMALE,1.54,110.4,auburn,Brown,LIGHT,unknown,  Takodana ,217.2,A Human Female from Takodana.
57,Cass Cody,Mon Calamari,  FEMALE ,unknown,78.0,,  Yellow ,brown,295.0BBY,mon cala,384.9,A Mon Calamari Female from Mon Cala.
58,Cody Kenobi,Mon Calamari,  female ,1.78,unknown,,Blue,BLUE,198.8BBY,SULLUST,242.5,A Mon Calamari Female from Sullust.
59,  Sora Wind ,Ewok,  FEMALE ,0.98,22.9,Brown,brown,brown,358.3BBY,rodia,387.1,A Ewok Female from Rodia.
60,Bail Moon,Gungan,MALE,1.89,unknown,,  YELLOW ,  BROWN ,194.6BBY,Sullust,218.3,A Gungan Male from Sullust.
61,  shaak sun ,Human,MALE,1.95,98.2,Black,Blue,Fair,282.9BBY,  Kashyyyk ,370.2,A Human Male from Kashyyyk.
62,Zen Organa,  EWOK ,FEMALE,unknown,unknown,BLACK,  Black ,  PINK ,264.0BBY,Kamino,,A Ewok Female from Kamino.
63,  Voolv Storm ,Twi'lek,  Male ,1.78,65.6,,  Yellow ,WHITE,266.3BBY,Geonosis,306.7,A Twi'lek Male from Geonosis.
64,MON SKY,WOOKIEE,Female,2.11,unknown,  Black ,BROWN,  BROWN ,310.2BBY,rodia,342.8,A Wookiee Female from Rodia.
65,Kira Andor,  Zabrak ,  Female ,1.79,85.0,Black,  brown ,  yellow ,136.9BBY,TATOOINE,,A Zabrak Female from Tatooine.
66,  JYN FISTO ,  Gungan ,  Male ,1.74,unknown,,  Yellow ,BROWN,38.9BBY,CORUSCANT,,A Gungan Male from Coruscant.
67,poe ginn,Human,FEMALE,1.68,72.4,BROWN,  Hazel ,  TAN ,340.5BBY,  CORUSCANT ,425.8,A Human Female from Coruscant.
68,PADM WALKER,wookiee,male,2.22,102.6,  GREY ,  blue ,Brown,148.7BBY,  bespin ,237.0,A Wookiee Male from Bespin.
69,Dax Ginn,  Zabrak ,female,1.66,71.2,Black,Brown,  TAN ,281.3BBY,Exegol,346.7,A Zabrak Female from Exegol.
70,BODHI MOON,Human,Female,1.61,72.7,auburn,Brown,Dark,130.2BBY,Sullust,,A Human Female from Sullust.
71,Rex Fett,Gungan,MALE,1.75,81.1,,Yellow,  Orange ,unknown,MON CALA,49.1,A Gungan Male from Mon Cala.
72,QUI STORM,MON CALAMARI,male,1.89,66.9,,yellow,BLUE,unknown,  Coruscant ,,A Mon Calamari Male from Coruscant.
73,  K-2 Organa ,Human,Female,1.79,71.2,  BROWN ,Green,  Fair ,139.6BBY,  Geonosis ,186.9,A Human Female from Geonosis.
74,  Rey Storm ,zabrak,  female ,1.73,70.1,Black,  RED ,RED,239.1ABY,  Kamino ,,A Zabrak Female from Kamino.
75,Kit Talon,human,male,1.42,91.6,,green,dark,265.0BBY,  BOTHAWUI ,,A Human Male from Bothawui.
76,padm dark,Mon Calamari,  Female ,1.8,75.0,,Yellow,  Salmon ,202.8BBY,Dagobah,280.5,A Mon Calamari Female from Dagobah.
77,  REX CLOUD ,Human,Female,1.85,76.6,Black,Green,Fair,319.3BBY,crait,,A Human Female from Crait.
78,ELOW MOTHMA,twi'lek,Female,1.65,58.8,,GREEN,RED,430.8BBY,  Sullust ,468.1,A Twi'lek Female from Sullust.
79,Yora Star,  Human ,  Female ,1.64,80.6,  Blond ,  Brown ,Pale,unknown,Coruscant,427.6,A Human Female from Coruscant.
80,  Poe Solo ,rodian,Male,unknown,54.2,,  Black ,green,332.4BBY,Jakku,426.4,A Rodian Male from Jakku.
81,  CHIR ERSO ,  Gungan ,  Male ,unknown,69.6,,Orange,  Brown ,367.0ABY,Dagobah,,A Gungan Male from Dagobah.
82,Jax Fett,Human,FEMALE,1.77,75.3,  grey ,  Blue ,Dark,491.5ABY,  Exegol ,580.7,A Human Female from Exegol.
83,Toro Dameron,Human,female,unknown,95.0,Auburn,Brown,Pale,392.0BBY,Tatooine,433.7,A Human Female from Tatooine.
84,  k-2 wind ,Hutt,hermaphrodite,3.67,"1,210",,Orange,  Brown ,39.3BBY,mon cala,99.1,A Hutt Hermaphrodite from Mon Cala.
85,ZEN CODY,Zabrak,Male,unknown,75.4,Black,Yellow,Red,278.8ABY,Crait,309.1,A Zabrak Male from Crait.
86,Poe Fisto,Human,  FEMALE ,1.62,71.8,,Blue,  Light ,395.9ABY,Kamino,434.7,A Human Female from Kamino.
87,  Mon Organa ,Ewok,Male,0.94,18.3,  White ,Brown,Brown,421.1BBY,  Mon Cala ,492.6,A Ewok Male from Mon Cala.
88,qui sky,ZABRAK,FEMALE,1.75,89.1,Black,YELLOW,Red,372.2BBY,  Dagobah ,450.2,A Zabrak Female from Dagobah.
89,Jax Koon,RODIAN,MALE,1.54,60.7,,BLACK,Blue-Green,354.9BBY,Bespin,,A Rodian Male from Bespin.
90,  Jax Ginn ,  Rodian ,FEMALE,1.76,unknown,,Black,GREEN,194.6ABY,TATOOINE,,A Rodian Female from Tatooine.
91,  BAZE SKY ,  Mon Calamari ,  Female ,unknown,77.3,,  Blue ,SALMON,unknown,Mon Cala,,A Mon Calamari Female from Mon Cala.
92,  Ahs Andor ,  Twi'lek ,female,unknown,55.4,,Yellow,  Red ,145.5BBY,  EXEGOL ,,A Twi'lek Female from Exegol.
93,  BAIL TI ,  wookiee ,Male,2.11,124.2,White,  Brown ,  Dark ,359.4BBY,Rodia,,A Wookiee Male from Rodia.
94,  mika wind ,  Mon Calamari ,MALE,1.77,72.6,,  Blue ,  BROWN ,102.8BBY,Mon Cala,,A Mon Calamari Male from Mon Cala.
95,  Padm Rex ,,FEMALE,2.34,98.1,GREY,Brown,Brown,217.3ABY,Kashyyyk,309.5,A Wookiee Female from Kashyyyk.
96,fox organa,hutt,hermaphrodite,4.71,1562.8,,  YELLOW ,  Green ,283.4ABY,Mon Cala,,A Hutt Hermaphrodite from Mon Cala.
97,Zen Born,  Rodian ,female,1.74,unknown,,Black,Blue-Green,298.6BBY,DAGOBAH,,A Rodian Female from Dagobah.
98,Cass Walker,Jawa,Female,1.01,27.1,,orange,  Unknown ,53.9BBY,TAKODANA,,A Jawa Female from Takodana.
99,rex light,  Human ,Male,1.58,unknown,  Blond ,green,  Dark ,109.3BBY,  Sullust ,,A Human Male from Sullust.
100,  ZEN DARK ,Mon Calamari,male,1.86,75.4,,Orange,  Salmon ,306.6BBY,Kashyyyk,,A Mon Calamari Male from Kashyyyk.
101,zen amidala,Human,  FEMALE ,1.85,unknown,GREY,Green,Tan,150.8BBY,Geonosis,182.9,A Human Female from Geonosis.
102,Baze Koon,,  Female ,1.78,75.0,  Black ,Red,tan,285.1BBY,  Mon Cala ,,A Zabrak Female from Mon Cala.
103,AHS CLOUD,,FEMALE,1.48,63.0,,Black,Blue-Green,433.0BBY,Hoth,485.6,A Rodian Female from Hoth.
104,  Mace Ti ,,Male,1.05,10.0,,Yellow,Unknown,179.7BBY,SULLUST,272.6,A Jawa Male from Sullust.
105,Plo Koon,Jawa,male,unknown,38.6,,  YELLOW ,  Brown ,42.1BBY,Endor,,A Jawa Male from Endor.
106,Kira Ginn,GUNGAN,  Female ,1.83,68.4,,orange,brown,429.9BBY,takodana,,A Gungan Female from Takodana.
107,KIT TI,  HUMAN ,male,1.78,65.9,  Auburn ,Green,Pale,133.4ABY,rodia,170.3,A Human Male from Rodia.
108,  Sora Cody ,HUMAN,Male,1.74,84.7,Blond,brown,Tan,384.6BBY,  tatooine ,459.2,A Human Male from Tatooine.
109,FOX TALON,GUNGAN,male,1.82,74.6,,Yellow,orange,164.1BBY,Hoth,202.2,A Gungan Male from Hoth.
110,  zen mothma ,  HUMAN ,male,1.72,93.9,Brown,  grey ,FAIR,234.1BBY,Exegol,,A Human Male from Exegol.
111,  rex cody ,Gungan,Female,1.83,66.1,,ORANGE,Brown,412.0ABY,  dagobah ,,A Gungan Female from Dagobah.
112,jax organa,Twi'lek,  Male ,1.74,unknown,,Blue,  blue ,60.6BBY,RODIA,123.7,A Twi'lek Male from Rodia.
113,  Rey Dark ,WOOKIEE,Male,2.1,105.5,Black,  BLUE ,Dark,456.9BBY,Rodia,539.8,A Wookiee Male from Rodia.
114,  sora windu ,  human ,Female,1.78,unknown,Black,  hazel ,Fair,92.6BBY,EXEGOL,,A Human Female from Exegol.
115,Sora Wind,Human,  Male ,1.59,87.7,BLOND,grey,PALE,355.0BBY,  rodia ,,A Human Male from Rodia.
116,  Mon Fisto ,  gungan ,Male,1.84,62.6,,Yellow,  Orange ,unknown,Exegol,268.2,A Gungan Male from Exegol.
117,KIRA TALON,WOOKIEE,  MALE ,2.15,164.6,  black ,BROWN,dark,32.7BBY,  coruscant ,81.6,A Wookiee Male from Coruscant.
118,  Bodhi Solo ,Rodian,  Male ,1.89,62.5,,BLACK,Green,141.8BBY,Kashyyyk,184.4,A Rodian Male from Kashyyyk.
119,Mon Born,Ewok,Male,1.08,20.9,Grey,  Black ,  BROWN ,67.2BBY,  KASHYYYK ,133.6,A Ewok Male from Kashyyyk.
120,  cody storm ,Jawa,  Female ,1.17,27.4,,Yellow,Brown,391.8BBY,  Coruscant ,,A Jawa Female from Coruscant.
121,  Sora Moon ,human,Female,1.82,109.1,Grey,  Grey ,DARK,222.3BBY,  tatooine ,255.9,A Human Female from Tatooine.
122,KIRA STORM,  Human ,MALE,1.73,68.4,Auburn,  Green ,Pale,433.7BBY,mon cala,503.2,A Human Male from Mon Cala.
123,  ZEN KENOBI ,HUMAN,male,1.71,unknown,,Hazel,Light,229.2BBY,alderaan,,A Human Male from Alderaan.
124,rey erso,jawa,FEMALE,1.02,unknown,,Orange,Brown,443.6BBY,Rodia,537.4,A Jawa Female from Rodia.
125,YORA DARK,  Human ,Male,1.71,43.5,Blond,Brown,Tan,351.5ABY,Kamino,450.9,A Human Male from Kamino.
126,Kit Tano,EWOK,Male,1.05,23.9,  black ,  Black ,pink,79.8BBY,  SULLUST ,,A Ewok Male from Sullust.
127,Fiv Solo,  HUMAN ,  FEMALE ,2.1,84.2,Blond,brown,  LIGHT ,489.1BBY,  TAKODANA ,,A Human Female from Takodana.
128,Voolv Solo,  human ,  Male ,1.7,75.7,  Black ,Hazel,Tan,419.7BBY,Endor,461.9,A Human Male from Endor.
129,Jyn Tano,  Rodian ,  male ,1.72,77.4,,Black,GREEN,140.8BBY,Endor,221.6,A Rodian Male from Endor.
130,Kira Windu,  Hutt ,Hermaphrodite,3.07,"1,146",,YELLOW,GREEN,unknown,Kashyyyk,,A Hutt Hermaphrodite from Kashyyyk.
131,Mace Cody,Gungan,FEMALE,1.86,67.3,,  Orange ,orange,unknown,Bespin,,A Gungan Female from Bespin.
132,Voolv Talon,  HUMAN ,female,1.93,73.4,Blond,  GREY ,Fair,456.8BBY,Jakku,,A Human Female from Jakku.
133,Padm Ti,HUMAN,  Male ,unknown,83.1,,  BROWN ,  Light ,207.4BBY,ALDERAAN,248.9,A Human Male from Alderaan.
134,  Rex Sky ,Human,  male ,1.79,90.7,Blond,Blue,Tan,52.7ABY,  Mon Cala ,,A Human Male from Mon Cala.
135,Cody Cody,  Twi'lek ,female,1.8,63.2,,Green,Green,388.0ABY,  Takodana ,471.2,A Twi'lek Female from Takodana.
136,yora sun,  HUMAN ,Male,1.58,64.9,  Auburn ,  BROWN ,  Tan ,unknown,Endor,,A Human Male from Endor.
137,  FINN WINDU ,  HUTT ,Hermaphrodite,3.26,1249.8,,  Orange ,  brown ,44.7BBY,Rodia,78.0,A Hutt Hermaphrodite from Rodia.
138,Shaak Mothma,  hutt ,Hermaphrodite,3.74,"1,506",,Yellow,Tan,407.0BBY,  CORUSCANT ,,A Hutt Hermaphrodite from Coruscant.
139,yora sky,Mon Calamari,FEMALE,1.83,69.6,,Blue,  salmon ,unknown,Alderaan,,A Mon Calamari Female from Alderaan.
140,Mon Storm,Mon Calamari,Female,1.75,83.5,,Orange,  Brown ,147.7BBY,  tatooine ,,A Mon Calamari Female from Tatooine.
141,  Chir Kenobi ,  Jawa ,FEMALE,0.91,25.3,,Orange,unknown,304.7ABY,Bothawui,366.5,A Jawa Female from Bothawui.
142,Bodhi Organa,  Twi'lek ,Male,1.8,87.6,,Blue,  Blue ,38.7BBY,  Exegol ,,A Twi'lek Male from Exegol.
143,Toro Vader,Gungan,Female,2.05,73.6,,YELLOW,BROWN,277.9BBY,rodia,,A Gungan Female from Rodia.
144,BAZE CODY,Mon Calamari,  FEMALE ,unknown,71.5,,Blue,blue,41.5BBY,Takodana,,A Mon Calamari Female from Takodana.
145,  Zen Vader ,RODIAN,Female,1.6,63.1,,black,  green ,388.8ABY,  Kashyyyk ,,A Rodian Female from Kashyyyk.
146,Chir Tano,EWOK,  Male ,0.94,15.8,BROWN,Black,Pink,293.6ABY,  takodana ,347.4,A Ewok Male from Takodana.
147,Mon Vader,Human,  Male ,1.69,64.8,Blond,green,  Fair ,52.8ABY,  Jakku ,,A Human Male from Jakku.
148,MIKA MOTHMA,Jawa,FEMALE,1.14,45.0,,YELLOW,Unknown,243.2BBY,Coruscant,316.0,A Jawa Female from Coruscant.
149,fiv koon,Human,  FEMALE ,1.75,88.3,,Grey,fair,255.3BBY,  Jakku ,302.1,A Human Female from Jakku.
150,Dax Walker,  wookiee ,Female,2.12,107.5,WHITE,Brown,  BROWN ,473.2BBY,Bothawui,,A Wookiee Female from Bothawui.
151,echo dark,ewok,Male,0.99,19.2,brown,Brown,Pink,442.6BBY,  Naboo ,,A Ewok Male from Naboo.
152,Voolv Dark,HUTT,hermaphrodite,3.14,"1,418",,Orange,  BROWN ,unknown,Bothawui,357.5,A Hutt Hermaphrodite from Bothawui.
153,K-2 Sky,Human,  Male ,2.04,unknown,Black,  Blue ,  PALE ,unknown,Dagobah,,A Human Male from Dagobah.
154,Sora Light,TWI'LEK,  female ,1.92,47.0,,Brown,Pink,239.0BBY,geonosis,268.5,A Twi'lek Female from Geonosis.
155,Rey Talon,  RODIAN ,male,1.82,69.6,,Black,GREEN,42.7BBY,KASHYYYK,94.2,A Rodian Male from Kashyyyk.
156,Toro Storm,ewok,MALE,0.95,21.2,grey,Brown,Pink,390.0ABY,Kamino,,A Ewok Male from Kamino.
157,POE FISTO,  Rodian ,FEMALE,1.67,65.8,,Black,  blue-green ,452.5BBY,CRAIT,,A Rodian Female from Crait.
158,Saw Moon,Hutt,Hermaphrodite,3.13,"1,507",,  ORANGE ,  Brown ,438.7BBY,  endor ,491.0,A Hutt Hermaphrodite from Endor.
159,  Rex Solo ,  jawa ,Male,0.73,32.1,,  Yellow ,  Brown ,101.4BBY,  Crait ,201.1,A Jawa Male from Crait.
160,k-2 ginn,,Female,1.98,76.2,,brown,  Tan ,59.6BBY,Exegol,,A Human Female from Exegol.
161,  Qui Tano ,rodian,male,1.47,69.7,,  Black ,Blue-Green,450.1BBY,  hoth ,,A Rodian Male from Hoth.
162,Zen Kenobi,Twi'lek,FEMALE,1.83,57.2,,GREEN,Green,301.1ABY,Rodia,380.5,A Twi'lek Female from Rodia.
163,Voolv Erso,GUNGAN,Male,1.98,90.6,,  Orange ,Brown,25.1BBY,DAGOBAH,,A Gungan Male from Dagobah.
164,luma cloud,rodian,  MALE ,1.65,44.5,,black,  Green ,155.0BBY,Alderaan,,A Rodian Male from Alderaan.
165,  Fiv Talon ,,female,1.72,60.9,Blond,  Grey ,  Pale ,270.3ABY,  Endor ,,A Human Female from Endor.
166,Echo Ti,  Wookiee ,Female,2.21,138.6,brown,  Blue ,  dark ,40.2BBY,Exegol,,A Wookiee Female from Exegol.
167,  Yora Cloud ,Human,Male,1.96,64.1,Blond,  Grey ,fair,367.3BBY,  Crait ,,A Human Male from Crait.
168,Jax Fisto,Wookiee,Male,2.28,103.8,black,blue,BROWN,48.7BBY,Jakku,120.5,A Wookiee Male from Jakku.
169,  rey kenobi ,  ewok ,  MALE ,0.94,17.9,Grey,  Black ,PINK,145.6BBY,  Bespin ,204.9,A Ewok Male from Bespin.
170,  Jyn Fett ,gungan,Male,1.92,74.8,,Yellow,BROWN,302.3BBY,Sullust,342.8,A Gungan Male from Sullust.
171,mace dameron,  human ,Male,1.97,unknown,Brown,Brown,DARK,163.5BBY,Coruscant,,A Human Male from Coruscant.
172,Yora Wind,  gungan ,Female,1.95,77.7,,Orange,  Brown ,106.4BBY,KASHYYYK,194.2,A Gungan Female from Kashyyyk.
173,  K-2 Mothma ,  Hutt ,HERMAPHRODITE,3.43,1011.3,,Orange,Brown,87.6BBY,Coruscant,,A Hutt Hermaphrodite from Coruscant.
174,  Toro Ti ,Wookiee,MALE,2.06,unknown,GREY,BLUE,Brown,223.6ABY,Crait,,A Wookiee Male from Crait.
175,  Saw Talon ,TWI'LEK,FEMALE,1.85,51.0,,Yellow,GREEN,438.8BBY,  sullust ,,A Twi'lek Female from Sullust.
176,Rex Light,Zabrak,Male,1.83,102.9,  Black ,Red,red,unknown,  Crait ,,A Zabrak Male from Crait.
177,Fox Koon,  Twi'lek ,Female,1.71,unknown,,green,  Pink ,490.7ABY,Hoth,,A Twi'lek Female from Hoth.
178,Padm Tano,Human,MALE,1.78,unknown,,  HAZEL ,Pale,126.0ABY,Naboo,,A Human Male from Naboo.
179,  Fiv Ginn ,Mon Calamari,  Male ,unknown,85.5,,Blue,salmon,192.3ABY,  Tatooine ,,A Mon Calamari Male from Tatooine.
180,  VOOLV REX ,mon calamari,FEMALE,1.82,73.0,,Yellow,salmon,274.0BBY,Endor,302.3,A Mon Calamari Female from Endor.
181,Toro Tano,Wookiee,Male,2.03,85.3,Black,Blue,brown,341.6BBY,  BOTHAWUI ,414.8,A Wookiee Male from Bothawui.
182,  Chir Andor ,Wookiee,Male,unknown,123.6,White,brown,  Brown ,245.8BBY,Exegol,341.1,A Wookiee Male from Exegol.
183,Fiv Wind,HUMAN,female,1.73,unknown,Brown,green,  Pale ,491.5BBY,  Tatooine ,519.8,A Human Female from Tatooine.
184,MON WALKER,  Rodian ,Male,1.77,72.1,,  Black ,  blue-green ,398.6BBY,  KASHYYYK ,,A Rodian Male from Kashyyyk.
185,MIKA MOON,HUMAN,Female,1.9,unknown,,GREEN,Fair,113.9BBY,TATOOINE,185.0,A Human Female from Tatooine.
186,jax cody,  Twi'lek ,female,1.76,67.5,,Green,BLUE,411.5BBY,Geonosis,462.0,A Twi'lek Female from Geonosis.
187,  Luma Ti ,  Human ,  female ,1.71,60.3,auburn,  Hazel ,Tan,318.3BBY,coruscant,,A Human Female from Coruscant.
188,POE SKY,human,female,1.94,94.9,Blond,  Blue ,  Tan ,322.7BBY,Bothawui,,A Human Female from Bothawui.
189,TORO REX,,  Female ,1.83,unknown,  Grey ,GREY,DARK,158.7ABY,  Geonosis ,,A Human Female from Geonosis.
190,MIKA TI,  Rodian ,MALE,1.78,64.8,,  BLACK ,Green,343.6BBY,Crait,,A Rodian Male from Crait.
191,Qui Wind,Mon Calamari,  Female ,unknown,71.4,,Yellow,Salmon,158.7BBY,TAKODANA,,A Mon Calamari Female from Takodana.
192,luma tano,HUMAN,male,1.91,92.1,Blond,BROWN,  Tan ,466.8BBY,DAGOBAH,,A Human Male from Dagobah.
193,zen wind,Zabrak,FEMALE,1.78,86.1,,  Brown ,Tan,unknown,KAMINO,486.2,A Zabrak Female from Kamino.
194,  Zen Organa ,Wookiee,Male,2.26,113.6,Brown,brown,Brown,300.7ABY,Jakku,,A Wookiee Male from Jakku.
195,Finn Vader,,Male,0.81,25.3,Brown,black,Brown,81.7ABY,bespin,170.9,A Ewok Male from Bespin.
196,PLO FETT,HUMAN,Female,1.79,unknown,  Blond ,blue,  Light ,60.4BBY,  geonosis ,137.6,A Human Female from Geonosis.
197,cass erso,  TWI'LEK ,MALE,1.8,54.5,,Brown,pink,118.5BBY,Kamino,,A Twi'lek Male from Kamino.
198,cody walker,Zabrak,MALE,1.92,73.4,  Black ,RED,Yellow,460.2BBY,  Mon Cala ,512.7,A Zabrak Male from Mon Cala.
199,jax walker,RODIAN,Male,1.78,78.2,,Black,Blue-Green,153.3BBY,MON CALA,,A Rodian Male from Mon Cala.
200,K-2 Wind,Wookiee,Male,2.26,unknown,  GREY ,blue,  DARK ,unknown,exegol,,A Wookiee Male from Exegol.
201,SORA ERSO,Human,FEMALE,1.66,77.9,BROWN,Grey,  DARK ,411.3BBY,  Kamino ,449.8,A Human Female from Kamino.
202,  ECHO STAR ,  MON CALAMARI ,Male,1.81,76.2,,Yellow,Blue,289.0BBY,Rodia,,A Mon Calamari Male from Rodia.
203,  Rey Dameron ,  Rodian ,female,1.67,67.3,,Black,Green,12.6ABY,  Naboo ,97.0,A Rodian Female from Naboo.
204,Sora Ti,human,FEMALE,1.94,63.1,Grey,  Hazel ,  Fair ,unknown,  KAMINO ,476.5,A Human Female from Kamino.
205,  Bodhi Vader ,wookiee,Female,2.15,154.4,BROWN,  Brown ,Dark,305.5BBY,Sullust,405.3,A Wookiee Female from Sullust.
206,Voolv Erso,Human,  Male ,1.67,99.0,  BROWN ,BLUE,  Fair ,210.8BBY,Tatooine,297.2,A Human Male from Tatooine.
207,  Poe Moon ,wookiee,Female,2.05,88.5,  White ,brown,Dark,207.2BBY,Geonosis,238.7,A Wookiee Female from Geonosis.
208,Rex Organa,Human,male,1.81,74.0,,Hazel,  pale ,81.7BBY,Jakku,,A Human Male from Jakku.
209,Finn Organa,  human ,Female,1.61,unknown,Black,BROWN,Dark,25.7BBY,  BESPIN ,,A Human Female from Bespin.
210,  luma wind ,HUMAN,Male,1.77,52.8,,Brown,Dark,107.5BBY,Takodana,148.5,A Human Male from Takodana.
211,  Rey Rex ,Twi'lek,Female,1.74,53.2,,Blue,Green,210.1BBY,  Mon Cala ,,A Twi'lek Female from Mon Cala.
212,LUMA KOON,Human,Male,1.81,107.0,  brown ,  hazel ,  Tan ,468.9BBY,coruscant,,A Human Male from Coruscant.
213,  rey dark ,GUNGAN,Male,2.11,76.9,,ORANGE,Brown,319.1BBY,Kashyyyk,,A Gungan Male from Kashyyyk.
214,Jyn Cody,,male,1.44,98.1,Blond,Green,tan,312.9BBY,BOTHAWUI,,A Human Male from Bothawui.
215,Kira Erso,Human,male,1.66,63.6,Grey,GREEN,Fair,44.2BBY,DAGOBAH,140.9,A Human Male from Dagobah.
216,  Padm Dark ,human,Female,1.9,58.1,GREY,brown,Fair,342.1BBY,Takodana,,A Human Female from Takodana.
217,Echo Amidala,  JAWA ,Male,1.25,35.2,,  Orange ,Brown,221.9BBY,naboo,,A Jawa Male from Naboo.
218,  BODHI WALKER ,rodian,Female,1.52,71.6,,  Black ,  Blue-Green ,unknown,DAGOBAH,443.6,A Rodian Female from Dagobah.
219,  Baze Moon ,Human,MALE,1.81,75.4,  BROWN ,Brown,tan,248.1BBY,Endor,272.7,A Human Male from Endor.
220,  Mace Wind ,Mon Calamari,Male,1.77,unknown,,  BLUE ,blue,355.0BBY,alderaan,,A Mon Calamari Male from Alderaan.
221,  zen light ,RODIAN,Female,1.55,70.0,,black,Blue-Green,399.5BBY,MON CALA,453.5,A Rodian Female from Mon Cala.
222,Jyn Storm,Human,  Male ,1.88,67.3,brown,  Blue ,Fair,128.2BBY,CORUSCANT,164.9,A Human Male from Coruscant.
223,Cody Fisto,Hutt,Hermaphrodite,4.27,1119.0,,Yellow,GREEN,270.4BBY,  Dagobah ,357.1,A Hutt Hermaphrodite from Dagobah.
224,FIV STAR,Ewok,  Female ,0.94,21.5,black,  Black ,Pink,493.4BBY,Rodia,590.5,A Ewok Female from Rodia.
225,SORA TALON,Twi'lek,male,unknown,70.3,,Yellow,Yellow,233.6BBY,Sullust,318.2,A Twi'lek Male from Sullust.
226,finn talon,Wookiee,Female,2.09,150.9,  Grey ,Blue,  Dark ,204.3BBY,crait,302.6,A Wookiee Female from Crait.
227,  saw tano ,  Hutt ,Hermaphrodite,3.38,"1,233",,  ORANGE ,Green,unknown,Exegol,,A Hutt Hermaphrodite from Exegol.
228,SHAAK ERSO,Gungan,Female,1.92,75.6,,orange,BROWN,102.2BBY,  Crait ,188.1,A Gungan Female from Crait.
229,plo wind,,MALE,1.84,78.4,,  Orange ,ORANGE,130.7BBY,hoth,,A Gungan Male from Hoth.
230,K-2 WALKER,twi'lek,MALE,1.88,68.6,,Green,  Red ,334.3BBY,Dagobah,,A Twi'lek Male from Dagobah.
231,Saw Cody,GUNGAN,Female,1.79,unknown,,Yellow,Brown,429.3ABY,Rodia,,A Gungan Female from Rodia.
232,Kit Fett,Twi'lek,  female ,1.87,46.3,,Blue,White,294.4BBY,kashyyyk,,A Twi'lek Female from Kashyyyk.
233,Saw Erso,,Male,1.72,65.6,,Orange,  orange ,174.1BBY,Jakku,,A Gungan Male from Jakku.
234,  Finn Rex ,Jawa,Female,1.08,52.7,,Orange,brown,205.0BBY,  Crait ,298.3,A Jawa Female from Crait.
235,  Saw Windu ,  wookiee ,Female,2.2,146.9,Black,  Blue ,Brown,382.2BBY,jakku,413.7,A Wookiee Female from Jakku.
236,SORA WINDU,  Human ,FEMALE,1.79,unknown,,GREEN,Pale,256.8BBY,Sullust,,A Human Female from Sullust.
237,Dax Amidala,Human,female,1.66,71.0,,  HAZEL ,  Tan ,14.3BBY,ALDERAAN,86.3,A Human Female from Alderaan.
238,Mace Vader,  Rodian ,Female,1.6,60.4,,Black,BLUE-GREEN,403.2BBY,  geonosis ,453.8,A Rodian Female from Geonosis.
239,  Mon Solo ,  twi'lek ,Male,1.89,57.0,,  blue ,Yellow,364.2BBY,Takodana,,A Twi'lek Male from Takodana.
240,  Bail Mothma ,Human,Female,1.72,90.2,  Auburn ,  Blue ,TAN,117.2BBY,bespin,,A Human Female from Bespin.
241,  Plo Kenobi ,human,  Male ,1.94,64.0,grey,  HAZEL ,  Pale ,60.2ABY,Kashyyyk,,A Human Male from Kashyyyk.
242,Rey Solo,Gungan,female,1.86,67.5,,  orange ,orange,489.2BBY,  coruscant ,,A Gungan Female from Coruscant.
243,Plo Cloud,GUNGAN,  Female ,1.86,81.7,,  YELLOW ,Brown,80.9BBY,Tatooine,,A Gungan Female from Tatooine.
244,DAX AMIDALA,ewok,  MALE ,1.02,20.5,  Black ,Black,Pink,377.4BBY,  ENDOR ,435.9,A Ewok Male from Endor.
245,JYN TANO,,male,1.84,55.2,  Auburn ,  Blue ,PALE,97.3BBY,crait,185.7,A Human Male from Crait.
246,REX TALON,Human,Male,1.78,61.1,Brown,  grey ,  Tan ,56.5BBY,Alderaan,156.1,A Human Male from Alderaan.
247,  Mon Ginn ,  Wookiee ,Male,2.24,147.1,  brown ,  brown ,Brown,482.4BBY,takodana,532.0,A Wookiee Male from Takodana.
248,Baze Rex,Wookiee,Female,2.38,116.8,Brown,  Brown ,  Dark ,425.5BBY,  Sullust ,,A Wookiee Female from Sullust.
249,  Rex Fett ,Gungan,  Female ,1.75,64.4,,  Yellow ,  Orange ,484.8BBY,Kashyyyk,,A Gungan Female from Kashyyyk.
250,  Voolv Windu ,jawa,female,0.96,34.0,,orange,Brown,223.1ABY,Crait,321.8,A Jawa Female from Crait.
251,  Poe Mothma ,Human,Male,2.05,74.3,Blond,  Grey ,DARK,147.8BBY,coruscant,209.2,A Human Male from Coruscant.
252,Bodhi Mothma,TWI'LEK,Female,1.67,61.4,,yellow,  WHITE ,261.9BBY,Tatooine,316.8,A Twi'lek Female from Tatooine.
253,cody mothma,Human,  male ,1.76,72.6,  Brown ,Brown,FAIR,198.6BBY,  Rodia ,,A Human Male from Rodia.
254,dax tano,Rodian,Female,unknown,75.1,,  Black ,  Green ,30.7BBY,  Sullust ,,A Rodian Female from Sullust.
255,Bail Ginn,HUTT,  hermaphrodite ,3.99,879.8,,  yellow ,Green,232.5BBY,Bothawui,,A Hutt Hermaphrodite from Bothawui.
256,Voolv Fett,  Rodian ,  Female ,1.7,79.2,,black,Green,339.8BBY,  exegol ,386.8,A Rodian Female from Exegol.
257,  KIRA TALON ,  Twi'lek ,  FEMALE ,1.8,53.8,,Green,Yellow,57.5BBY,ALDERAAN,130.1,A Twi'lek Female from Alderaan.
258,  Sora Ginn ,,  Female ,1.83,58.6,,  black ,  Blue-Green ,335.4ABY,kashyyyk,,A Rodian Female from Kashyyyk.
259,KIRA KOON,Human,  Male ,1.84,56.0,Auburn,  Blue ,  light ,326.7BBY,coruscant,379.7,A Human Male from Coruscant.
260,  SORA SOLO ,MON CALAMARI,Male,1.73,74.4,,Yellow,Salmon,358.2ABY,Geonosis,,A Mon Calamari Male from Geonosis.
261,Luma Windu,TWI'LEK,FEMALE,1.82,66.7,,  Blue ,  blue ,465.3BBY,Takodana,,A Twi'lek Female from Takodana.
262,Shaak Sky,rodian,Female,unknown,63.8,,  Black ,Blue-Green,186.7BBY,  kamino ,277.1,A Rodian Female from Kamino.
263,Rey Tano,human,  Female ,unknown,40.8,Brown,  Grey ,pale,64.3ABY,crait,109.6,A Human Female from Crait.
264,  Jax Koon ,Gungan,  Female ,1.88,63.2,,Yellow,Orange,368.8BBY,  geonosis ,392.5,A Gungan Female from Geonosis.
265,Mika Dark,zabrak,Male,unknown,91.8,Black,red,pale,348.7BBY,  Takodana ,412.3,A Zabrak Male from Takodana.
266,  mon dameron ,Gungan,female,1.68,unknown,,  yellow ,  Orange ,161.2BBY,  Crait ,,A Gungan Female from Crait.
267,  Fox Solo ,,Female,2.31,97.8,  BLACK ,  Brown ,dark,388.4BBY,  Tatooine ,441.1,A Wookiee Female from Tatooine.
268,  Ahs Talon ,  RODIAN ,Female,1.56,81.8,,  black ,  BLUE-GREEN ,unknown,  Dagobah ,,A Rodian Female from Dagobah.
269,Elow Vader,  Human ,FEMALE,2.11,34.2,Grey,Green,Tan,153.5BBY,  geonosis ,,A Human Female from Geonosis.
270,  Dax Amidala ,Human,female,1.62,86.4,,Grey,  Dark ,187.5BBY,  hoth ,276.1,A Human Female from Hoth.
271,k-2 vader,human,Male,1.68,79.4,  Grey ,Blue,Dark,343.4ABY,RODIA,,A Human Male from Rodia.
272,K-2 Dameron,  Wookiee ,Male,2.15,unknown,White,Blue,Brown,83.0BBY,rodia,,A Wookiee Male from Rodia.
273,Kira Amidala,  jawa ,Female,0.61,35.7,,yellow,  unknown ,364.4BBY,  MON CALA ,,A Jawa Female from Mon Cala.
274,  SAW ORGANA ,GUNGAN,  Female ,1.79,63.5,,Orange,Orange,20.3BBY,  Dagobah ,,A Gungan Female from Dagobah.
275,  Zen Star ,Wookiee,Female,2.35,99.4,  Brown ,Brown,Brown,67.3BBY,Crait,,A Wookiee Female from Crait.
276,Poe Erso,HUMAN,male,1.66,84.7,,BLUE,  Tan ,412.4BBY,  Kashyyyk ,447.3,A Human Male from Kashyyyk.
277,  Cody Star ,  Human ,  Male ,unknown,63.2,  brown ,  Brown ,pale,484.3BBY,  Exegol ,,A Human Male from Exegol.
278,  Plo Fett ,  HUMAN ,  MALE ,unknown,80.5,Grey,Grey,  DARK ,77.1BBY,DAGOBAH,149.2,A Human Male from Dagobah.
279,Finn Talon,  ZABRAK ,male,unknown,65.5,,Yellow,TAN,257.8BBY,SULLUST,,A Zabrak Male from Sullust.
280,Voolv Tano,  human ,  Female ,1.83,56.2,black,Hazel,pale,22.0BBY,  Kamino ,94.7,A Human Female from Kamino.
281,  POE DARK ,Ewok,Male,0.88,17.3,  White ,  BLACK ,Brown,unknown,Sullust,177.2,A Ewok Male from Sullust.
282,BAIL ORGANA,Wookiee,Male,unknown,150.5,  Brown ,Brown,BROWN,unknown,  Jakku ,,A Wookiee Male from Jakku.
283,REY WINDU,human,MALE,1.63,73.6,  Blond ,  Blue ,Dark,145.6ABY,  Bespin ,197.2,A Human Male from Bespin.
284,poe solo,  Jawa ,FEMALE,0.98,51.5,,Orange,Unknown,477.6BBY,MON CALA,,A Jawa Female from Mon Cala.
285,Poe Mothma,Twi'lek,  Male ,1.83,73.4,,BROWN,red,145.7BBY,Coruscant,,A Twi'lek Male from Coruscant.
286,  Yora Dark ,  Human ,Female,1.88,81.4,BLACK,hazel,dark,216.8BBY,  KASHYYYK ,245.5,A Human Female from Kashyyyk.
287,Cass Amidala,Twi'lek,  Male ,1.83,54.1,,BROWN,Blue,89.3BBY,Geonosis,,A Twi'lek Male from Geonosis.
288,  Chir Wind ,  Human ,Female,1.87,55.3,Blond,Brown,  Pale ,460.4BBY,  SULLUST ,551.3,A Human Female from Sullust.
289,AHS REX,  wookiee ,  Female ,2.36,64.0,Grey,Brown,dark,323.3BBY,  Bothawui ,377.3,A Wookiee Female from Bothawui.
290,  plo star ,hutt,  Hermaphrodite ,3.38,899.0,,Yellow,Tan,180.3BBY,  SULLUST ,,A Hutt Hermaphrodite from Sullust.
291,Jax Moon,WOOKIEE,  Female ,2.27,120.2,BROWN,Blue,Dark,247.6BBY,naboo,312.6,A Wookiee Female from Naboo.
292,Elow Talon,  Human ,Female,1.81,58.6,black,  Brown ,fair,303.7BBY,exegol,329.9,A Human Female from Exegol.
293,Fox Talon,Jawa,  Female ,0.97,19.4,,  Orange ,Unknown,193.7ABY,Tatooine,,A Jawa Female from Tatooine.
294,  Dax Cody ,Ewok,  female ,0.89,12.2,GREY,  Brown ,  brown ,315.9ABY,MON CALA,,A Ewok Female from Mon Cala.
295,Elow Fett,rodian,  female ,1.57,78.4,,  Black ,green,470.0BBY,Naboo,566.3,A Rodian Female from Naboo.
296,Dax Ti,  GUNGAN ,Female,1.91,66.8,,ORANGE,ORANGE,250.7BBY,SULLUST,,A Gungan Female from Sullust.
297,dax storm,gungan,  Female ,1.73,52.1,,  Yellow ,  Brown ,479.5BBY,  NABOO ,,A Gungan Female from Naboo.
298,echo tano,Human,Female,1.69,102.2,,  hazel ,  Tan ,300.4ABY,Bespin,347.4,A Human Female from Bespin.
299,plo walker,  Human ,  male ,2.09,77.2,Black,Brown,  TAN ,420.7BBY,Dagobah,,A Human Male from Dagobah.
300,BODHI TANO,  Rodian ,MALE,1.75,64.1,,Black,blue-green,336.1ABY,  Alderaan ,415.2,A Rodian Male from Alderaan.
301,poe dameron,HUTT,Hermaphrodite,3.88,1172.6,,yellow,Tan,307.8BBY,crait,392.4,A Hutt Hermaphrodite from Crait.
302,elow moon,  Human ,MALE,2.04,58.5,Grey,green,  Light ,373.5BBY,  Alderaan ,,A Human Male from Alderaan.
303,Jyn Sun,  Gungan ,Female,1.85,65.9,,Yellow,  BROWN ,84.8ABY,mon cala,,A Gungan Female from Mon Cala.
304,  Mika Windu ,  HUMAN ,Female,1.83,42.4,  BROWN ,GREY,  Dark ,181.7ABY,Kamino,,A Human Female from Kamino.
305,k-2 sun,  human ,Male,1.79,85.0,Auburn,  BLUE ,pale,44.0BBY,  KASHYYYK ,,A Human Male from Kashyyyk.
306,  k-2 cloud ,,male,2.19,111.7,  white ,Brown,Dark,unknown,  ALDERAAN ,529.8,A Wookiee Male from Alderaan.
307,  sora kenobi ,Jawa,  male ,0.72,unknown,,  yellow ,brown,394.1ABY,EXEGOL,427.2,A Jawa Male from Exegol.
308,  Fox Wind ,human,  FEMALE ,1.44,67.1,Black,  brown ,  DARK ,317.3ABY,Naboo,390.4,A Human Female from Naboo.
309,Dax Storm,Rodian,Female,1.72,81.1,,  Black ,green,86.1BBY,CORUSCANT,173.7,A Rodian Female from Coruscant.
310,  Kit Dark ,Ewok,female,0.76,20.7,GREY,brown,Pink,303.3BBY,Mon Cala,,A Ewok Female from Mon Cala.
311,Mace Sky,Jawa,female,1.03,24.7,,orange,  Brown ,unknown,  Jakku ,,A Jawa Female from Jakku.
312,KIT KOON,  human ,Male,1.78,104.2,  BROWN ,  grey ,Pale,330.6BBY,TAKODANA,,A Human Male from Takodana.
313,  kit wind ,  zabrak ,  male ,1.75,unknown,  Black ,YELLOW,Pale,420.0BBY,mon cala,,A Zabrak Male from Mon Cala.
314,  elow amidala ,  Human ,Male,1.88,76.3,  Auburn ,GREEN,Light,unknown,  dagobah ,,A Human Male from Dagobah.
315,  Jax Sky ,human,Female,1.62,53.8,BLOND,  grey ,light,unknown,Dagobah,396.1,A Human Female from Dagobah.
316,FINN VADER,  human ,Male,1.9,77.6,Grey,Grey,  Tan ,377.7BBY,Bothawui,,A Human Male from Bothawui.
317,  Rey Amidala ,  human ,  Male ,1.59,48.0,  Grey ,Brown,  Fair ,338.0ABY,  Tatooine ,372.8,A Human Male from Tatooine.
318,ELOW SKY,Ewok,male,unknown,15.9,White,brown,Pink,471.8ABY,  JAKKU ,527.0,A Ewok Male from Jakku.
319,  Qui Kenobi ,  Gungan ,Male,1.8,unknown,,  Yellow ,Orange,362.7BBY,  Crait ,,A Gungan Male from Crait.
320,Elow Tano,zabrak,Male,1.83,79.8,Black,Yellow,  Tan ,205.4BBY,NABOO,,A Zabrak Male from Naboo.
321,Fiv Sun,,Male,1.75,63.7,,Green,Light,360.6ABY,  KASHYYYK ,387.7,A Human Male from Kashyyyk.
322,cass windu,wookiee,Female,unknown,92.7,Black,Brown,dark,115.1BBY,JAKKU,,A Wookiee Female from Jakku.
323,ZEN TALON,Hutt,hermaphrodite,2.73,1185.7,,Orange,  Brown ,422.9BBY,Alderaan,,A Hutt Hermaphrodite from Alderaan.
324,Ahs Born,hutt,Hermaphrodite,3.34,1259.4,,YELLOW,  Tan ,146.2BBY,Endor,205.2,A Hutt Hermaphrodite from Endor.
325,FINN STORM,hutt,  Hermaphrodite ,2.94,818.1,,  Yellow ,Brown,unknown,Hoth,,A Hutt Hermaphrodite from Hoth.
326,  LUMA SUN ,  twi'lek ,FEMALE,1.79,49.9,,yellow,WHITE,413.3ABY,Alderaan,470.2,A Twi'lek Female from Alderaan.
327,Yora Organa,  wookiee ,Male,2.26,124.4,WHITE,BLUE,DARK,29.3BBY,jakku,117.0,A Wookiee Male from Jakku.
328,LUMA DARK,GUNGAN,Male,unknown,62.4,,ORANGE,Brown,483.4BBY,rodia,575.0,A Gungan Male from Rodia.
329,saw andor,human,female,1.85,65.0,,Hazel,Light,unknown,Tatooine,173.0,A Human Female from Tatooine.
330,  poe erso ,Hutt,  Hermaphrodite ,4.38,unknown,,yellow,  Green ,275.6BBY,  Kashyyyk ,339.0,A Hutt Hermaphrodite from Kashyyyk.
331,  dax vader ,Jawa,FEMALE,1.12,44.2,,yellow,  Unknown ,300.3ABY,Endor,,A Jawa Female from Endor.
332,Kira Light,rodian,Male,1.59,59.3,,Black,  Blue-Green ,426.4BBY,Takodana,,A Rodian Male from Takodana.
333,Finn Rex,Human,FEMALE,1.83,76.3,  Grey ,brown,Light,409.5BBY,  Geonosis ,,A Human Female from Geonosis.
334,  Cass Fisto ,  Mon Calamari ,FEMALE,1.79,unknown,,yellow,Brown,unknown,  bothawui ,,A Mon Calamari Female from Bothawui.
335,  Mika Windu ,MON CALAMARI,FEMALE,unknown,68.3,,BLUE,blue,81.6ABY,Endor,,A Mon Calamari Female from Endor.
336,bail cloud,  ZABRAK ,male,1.79,73.7,,Yellow,Red,294.5BBY,kashyyyk,,A Zabrak Male from Kashyyyk.
337,Qui Sun,Human,Male,1.65,72.2,Black,GREY,tan,158.9BBY,Exegol,196.0,A Human Male from Exegol.
338,padm windu,,  MALE ,0.69,20.1,,Yellow,UNKNOWN,320.9BBY,Kamino,,A Jawa Male from Kamino.
339,elow moon,ZABRAK,  MALE ,1.79,69.7,,Yellow,Pale,unknown,  bespin ,,A Zabrak Male from Bespin.
340,Yora Tano,Human,  Female ,1.82,68.7,AUBURN,  BROWN ,Tan,177.9BBY,Kamino,212.1,A Human Female from Kamino.
341,plo andor,  wookiee ,Female,2.19,116.7,grey,BROWN,Brown,114.7BBY,  DAGOBAH ,,A Wookiee Female from Dagobah.
342,ahs cody,Mon Calamari,female,1.78,69.8,,ORANGE,brown,386.4BBY,  Naboo ,448.1,A Mon Calamari Female from Naboo.
343,  qui talon ,Rodian,FEMALE,1.67,75.5,,Black,  Blue-Green ,343.6ABY,mon cala,,A Rodian Female from Mon Cala.
344,Padm Dark,twi'lek,  Female ,unknown,44.1,,Brown,  BLUE ,171.1BBY,jakku,256.7,A Twi'lek Female from Jakku.
345,  saw koon ,  Rodian ,  Female ,1.69,77.5,,black,  BLUE-GREEN ,unknown,Bespin,,A Rodian Female from Bespin.
346,Rey Walker,  gungan ,  MALE ,2.02,77.3,,  Orange ,  ORANGE ,unknown,  ALDERAAN ,,A Gungan Male from Alderaan.
347,BODHI STAR,Ewok,male,unknown,25.9,Brown,  brown ,BROWN,372.4ABY,Hoth,463.3,A Ewok Male from Hoth.
348,  AHS VADER ,Human,  FEMALE ,2.05,105.8,Brown,Grey,DARK,47.1BBY,Coruscant,122.9,A Human Female from Coruscant.
349,  Zen Dameron ,  Human ,Male,1.69,73.4,  auburn ,  Green ,light,415.0ABY,  Kashyyyk ,,A Human Male from Kashyyyk.
350,  fiv wind ,human,Male,1.79,97.3,,green,  TAN ,170.0ABY,Rodia,195.0,A Human Male from Rodia.
351,Chir Organa,  Hutt ,Hermaphrodite,2.43,"1,341",,yellow,Tan,311.2BBY,Crait,371.0,A Hutt Hermaphrodite from Crait.
352,Mika Koon,,  MALE ,1.66,68.7,,black,GREEN,118.0BBY,  Crait ,151.2,A Rodian Male from Crait.
353,REY FETT,  human ,Female,1.91,59.2,,blue,Pale,140.3BBY,kamino,,A Human Female from Kamino.
354,  Mace Dark ,HUMAN,Male,1.79,92.4,Black,  Blue ,Light,unknown,Bespin,488.5,A Human Male from Bespin.
355,  Kira Ti ,Jawa,  Male ,unknown,50.2,,Orange,  Unknown ,313.0BBY,  Geonosis ,374.5,A Jawa Male from Geonosis.
356,padm tano,jawa,Female,1.12,37.6,,Yellow,unknown,61.2BBY,  Takodana ,84.8,A Jawa Female from Takodana.
357,BODHI STAR,  Rodian ,  male ,1.71,50.7,,Black,GREEN,unknown,Exegol,,A Rodian Male from Exegol.
358,  Zen Dark ,  Gungan ,FEMALE,1.99,65.9,,Yellow,  orange ,19.4BBY,  Rodia ,83.8,A Gungan Female from Rodia.
359,  Cody Solo ,Human,Male,1.64,89.3,  black ,BROWN,Light,349.4BBY,Tatooine,400.2,A Human Male from Tatooine.
360,mace cody,zabrak,Male,1.69,72.1,  black ,  RED ,  TAN ,unknown,Bothawui,,A Zabrak Male from Bothawui.
361,Yora Amidala,  Human ,  Male ,1.76,unknown,GREY,  HAZEL ,Pale,126.0BBY,  Bespin ,224.3,A Human Male from Bespin.
362,POE TI,Wookiee,  MALE ,2.32,83.3,grey,Brown,  dark ,280.4ABY,  Jakku ,,A Wookiee Male from Jakku.
363,poe storm,Jawa,  Male ,1.2,37.6,,Yellow,  BROWN ,109.5BBY,Kashyyyk,175.6,A Jawa Male from Kashyyyk.
364,MIKA TALON,Gungan,Female,2.01,62.7,,Yellow,Orange,151.9ABY,rodia,,A Gungan Female from Rodia.
365,  SAW DAMERON ,Human,female,1.83,63.2,,Grey,Tan,60.0BBY,coruscant,,A Human Female from Coruscant.
366,  Qui Mothma ,  mon calamari ,Female,1.85,61.3,,Orange,  brown ,unknown,Endor,,A Mon Calamari Female from Endor.
367,cass cloud,Hutt,  Hermaphrodite ,4.16,1151.3,,  Orange ,  GREEN ,195.2BBY,  Endor ,,A Hutt Hermaphrodite from Endor.
368,Bodhi Moon,  twi'lek ,Female,1.69,57.5,,  Green ,YELLOW,140.4ABY,Geonosis,201.7,A Twi'lek Female from Geonosis.
369,AHS GINN,  wookiee ,Male,2.19,114.6,Black,  blue ,BROWN,111.6BBY,Takodana,,A Wookiee Male from Takodana.
370,Rey Solo,Rodian,FEMALE,1.82,56.9,,Black,  Blue-Green ,unknown,  Jakku ,,A Rodian Female from Jakku.
371,  JAX WIND ,Human,  Female ,1.65,78.7,  Grey ,Grey,Light,327.4BBY,  Takodana ,386.6,A Human Female from Takodana.
372,elow fisto,Mon Calamari,Male,1.78,94.1,,blue,  Brown ,170.1ABY,Endor,263.9,A Mon Calamari Male from Endor.
373,SAW DARK,Zabrak,Male,1.82,87.6,,Red,Yellow,104.2ABY,  Rodia ,178.4,A Zabrak Male from Rodia.
374,baze kenobi,Human,Male,1.62,89.9,,blue,  tan ,58.3BBY,Jakku,,A Human Male from Jakku.
375,MIKA KOON,Gungan,Male,unknown,62.2,,Yellow,Orange,210.9BBY,HOTH,231.9,A Gungan Male from Hoth.
376,Zen Born,  JAWA ,MALE,0.93,28.9,,ORANGE,unknown,236.9BBY,NABOO,,A Jawa Male from Naboo.
377,  Fiv Koon ,Twi'lek,  Female ,1.81,48.9,,  Brown ,  red ,111.2ABY,  Bespin ,,A Twi'lek Female from Bespin.
378,Mon Ti,  Zabrak ,Male,1.9,68.0,,  Yellow ,  Red ,37.7BBY,  Tatooine ,,A Zabrak Male from Tatooine.
379,shaak moon,HUMAN,  Male ,unknown,60.4,  AUBURN ,Green,tan,unknown,exegol,,A Human Male from Exegol.
380,  Fiv Koon ,Human,MALE,1.8,unknown,Brown,Hazel,  FAIR ,217.8ABY,Naboo,,A Human Male from Naboo.
381,Bail Storm,  Zabrak ,  Female ,1.67,82.1,,Red,  red ,44.2BBY,Hoth,111.1,A Zabrak Female from Hoth.
382,  KIT FETT ,  Human ,MALE,1.71,85.0,  AUBURN ,BLUE,Light,465.6BBY,Mon Cala,501.3,A Human Male from Mon Cala.
383,  K-2 Koon ,  Zabrak ,Male,1.66,90.2,,red,  Yellow ,426.0BBY,Exegol,469.4,A Zabrak Male from Exegol.
384,  POE STAR ,Human,  MALE ,1.8,unknown,blond,  Grey ,Light,363.6BBY,bespin,463.1,A Human Male from Bespin.
385,JYN LIGHT,WOOKIEE,male,unknown,121.6,  WHITE ,Brown,  DARK ,456.5BBY,Geonosis,517.8,A Wookiee Male from Geonosis.
386,Ahs Rex,Wookiee,  Female ,unknown,107.1,  Brown ,  Brown ,  Dark ,483.1BBY,  HOTH ,532.4,A Wookiee Female from Hoth.
387,rey born,Wookiee,MALE,2.04,117.0,  WHITE ,Brown,  Dark ,56.1BBY,Tatooine,,A Wookiee Male from Tatooine.
388,Shaak Koon,,FEMALE,1.79,71.9,,Blue,YELLOW,unknown,Alderaan,205.8,A Twi'lek Female from Alderaan.
389,Elow Cloud,  ewok ,  MALE ,0.81,25.0,Black,  Black ,  Brown ,25.2ABY,hoth,,A Ewok Male from Hoth.
390,Baze Cody,  hutt ,Hermaphrodite,3.75,1464.1,,orange,Tan,429.3ABY,Exegol,457.0,A Hutt Hermaphrodite from Exegol.
391,YORA AMIDALA,  HUMAN ,Female,1.78,78.1,  Black ,  Blue ,PALE,328.5ABY,Hoth,407.7,A Human Female from Hoth.
392,Kira Mothma,MON CALAMARI,male,1.82,68.0,,Yellow,Brown,58.6BBY,Mon Cala,,A Mon Calamari Male from Mon Cala.
393,Poe Fisto,Mon Calamari,  male ,unknown,80.8,,Blue,Salmon,374.5BBY,  Alderaan ,414.6,A Mon Calamari Male from Alderaan.
394,  Baze Light ,EWOK,  female ,unknown,15.1,White,BROWN,  Brown ,224.9BBY,Jakku,259.3,A Ewok Female from Jakku.
395,Rex Fett,  Human ,female,1.64,73.9,black,  grey ,Tan,125.3BBY,  Sullust ,,A Human Female from Sullust.
396,Sora Talon,Zabrak,Female,1.92,75.0,Black,Brown,Tan,156.2BBY,Mon Cala,184.2,A Zabrak Female from Mon Cala.
397,CASS KENOBI,WOOKIEE,Female,2.4,124.3,  Brown ,Blue,  Brown ,150.3BBY,  Geonosis ,227.0,A Wookiee Female from Geonosis.
398,Rex Fisto,  Gungan ,Male,1.95,62.2,,Yellow,Orange,163.7BBY,  Bothawui ,248.1,A Gungan Male from Bothawui.
399,Luma Fisto,Gungan,  Female ,1.82,79.6,,Yellow,  Orange ,138.9ABY,KASHYYYK,,A Gungan Female from Kashyyyk.
400,Mace Sky,,Female,1.9,91.7,Brown,blue,Pale,41.4BBY,Jakku,124.2,A Human Female from Jakku.
401,Finn Windu,  ZABRAK ,Male,1.8,72.2,,brown,Tan,456.2ABY,Takodana,,A Zabrak Male from Takodana.
402,  TORO GINN ,TWI'LEK,  FEMALE ,1.8,56.5,,Green,Green,428.4ABY,Takodana,,A Twi'lek Female from Takodana.
403,FINN ANDOR,HUMAN,FEMALE,1.49,75.2,Auburn,  Grey ,  Tan ,240.5BBY,  Dagobah ,,A Human Female from Dagobah.
404,Baze Cloud,  mon calamari ,Female,1.91,71.0,,Yellow,  Brown ,496.1BBY,  tatooine ,547.4,A Mon Calamari Female from Tatooine.
405,K-2 Born,  rodian ,Male,1.68,49.7,,BLACK,  blue-green ,488.5BBY,Alderaan,,A Rodian Male from Alderaan.
406,CODY AMIDALA,Zabrak,Male,1.79,71.0,Black,Yellow,TAN,156.5BBY,Exegol,,A Zabrak Male from Exegol.
407,  mace moon ,  jawa ,  MALE ,1.16,25.4,,Yellow,Brown,unknown,  Rodia ,531.2,A Jawa Male from Rodia.
408,  Jyn Born ,Human,Male,1.66,unknown,  brown ,Grey,  Light ,unknown,BOTHAWUI,154.2,A Human Male from Bothawui.
409,Fox Ti,JAWA,MALE,0.79,30.6,,  YELLOW ,  Unknown ,406.2BBY,  Hoth ,,A Jawa Male from Hoth.
410,Rey Born,wookiee,Male,2.36,95.7,Black,  Blue ,  Brown ,17.5BBY,Hoth,,A Wookiee Male from Hoth.
411,Ahs Andor,Gungan,Female,unknown,62.1,,Yellow,Orange,99.2ABY,  RODIA ,142.2,A Gungan Female from Rodia.
412,Toro Walker,Twi'lek,female,1.73,57.9,,Yellow,BLUE,88.7ABY,Alderaan,163.8,A Twi'lek Female from Alderaan.
413,jyn star,  GUNGAN ,Male,unknown,63.7,,  Yellow ,Orange,22.9BBY,  Endor ,62.7,A Gungan Male from Endor.
414,  Shaak Talon ,WOOKIEE,Male,2.04,148.3,grey,  BLUE ,BROWN,140.4BBY,exegol,161.4,A Wookiee Male from Exegol.
415,Rey Ginn,Ewok,Male,0.95,26.4,Black,black,PINK,181.1BBY,Takodana,209.1,A Ewok Male from Takodana.
416,Saw Tano,Gungan,Female,unknown,unknown,,  YELLOW ,BROWN,335.3BBY,  Jakku ,359.6,A Gungan Female from Jakku.
417,  Echo Cody ,Jawa,Female,0.95,29.6,,  Orange ,UNKNOWN,417.1BBY,hoth,487.1,A Jawa Female from Hoth.
418,Rex Wind,HUMAN,Female,1.74,unknown,,  Brown ,PALE,147.4BBY,KAMINO,,A Human Female from Kamino.
419,  Rex Storm ,EWOK,Female,unknown,28.5,White,  Black ,PINK,112.6BBY,  Bothawui ,204.5,A Ewok Female from Bothawui.
420,  cass cloud ,Rodian,Female,1.68,81.0,,black,  Green ,297.3BBY,Geonosis,,A Rodian Female from Geonosis.
421,  FOX LIGHT ,twi'lek,  Male ,1.72,83.6,,  Blue ,yellow,unknown,sullust,237.8,A Twi'lek Male from Sullust.
422,Qui Star,  Jawa ,  Female ,1.06,28.5,,yellow,Brown,318.1ABY,TAKODANA,339.0,A Jawa Female from Takodana.
423,KIRA FETT,Wookiee,Male,2.29,98.3,black,  brown ,  BROWN ,161.8ABY,CRAIT,,A Wookiee Male from Crait.
424,BAIL ERSO,Human,  MALE ,1.73,80.1,Auburn,Green,  Pale ,420.7BBY,Kashyyyk,495.7,A Human Male from Kashyyyk.
425,KIT WINDU,  Twi'lek ,FEMALE,1.84,64.6,,  Green ,  Pink ,194.0ABY,JAKKU,239.9,A Twi'lek Female from Jakku.
426,  cass organa ,jawa,female,0.93,35.8,,Yellow,Brown,104.9BBY,  Bespin ,,A Jawa Female from Bespin.
427,echo cloud,Rodian,  Female ,1.74,68.1,,  black ,Green,292.7BBY,  hoth ,372.5,A Rodian Female from Hoth.
428,Ahs Ti,HUTT,HERMAPHRODITE,3.4,"1,293",,Yellow,  TAN ,208.4BBY,Sullust,,A Hutt Hermaphrodite from Sullust.
429,Saw Windu,ZABRAK,male,1.92,70.8,  black ,  Yellow ,Tan,106.6BBY,Kamino,136.7,A Zabrak Male from Kamino.
430,Kira Cloud,Gungan,  male ,1.94,87.0,,  Orange ,Orange,331.1ABY,  Sullust ,,A Gungan Male from Sullust.
431,  Jax Andor ,  Human ,  Female ,1.61,62.0,Grey,Hazel,Pale,unknown,Naboo,385.1,A Human Female from Naboo.
432,  Mika Amidala ,  mon calamari ,  Male ,1.81,67.1,,Blue,Brown,404.3BBY,  Tatooine ,434.4,A Mon Calamari Male from Tatooine.
433,Kira Andor,  Rodian ,  Female ,1.61,65.4,,  black ,Green,312.1BBY,TATOOINE,335.7,A Rodian Female from Tatooine.
434,Echo Sky,Jawa,FEMALE,1.12,32.3,,  ORANGE ,  brown ,413.8BBY,  SULLUST ,,A Jawa Female from Sullust.
435,Kira Erso,Rodian,Female,1.71,79.2,,Black,blue-green,102.2BBY,  rodia ,163.2,A Rodian Female from Rodia.
436,  fiv born ,ewok,MALE,1.07,13.5,BLACK,  BLACK ,  Brown ,307.3ABY,Tatooine,,A Ewok Male from Tatooine.
437,zen sky,HUMAN,  MALE ,1.92,50.5,  Grey ,Hazel,Tan,150.6BBY,  Dagobah ,,A Human Male from Dagobah.
438,elow ti,Mon Calamari,FEMALE,1.79,86.7,,  yellow ,  blue ,unknown,Kamino,,A Mon Calamari Female from Kamino.
439,Bodhi Amidala,Rodian,Female,1.74,72.0,,Black,green,309.2BBY,JAKKU,367.4,A Rodian Female from Jakku.
440,Fiv Talon,ZABRAK,  Male ,1.63,unknown,  Black ,yellow,RED,152.2BBY,Sullust,212.9,A Zabrak Male from Sullust.
441,Mika Ti,  Human ,male,1.68,85.3,  Brown ,hazel,  Tan ,284.5ABY,geonosis,,A Human Male from Geonosis.
442,DAX CLOUD,  Human ,Female,1.55,82.4,  auburn ,  Grey ,Pale,97.2BBY,Bespin,,A Human Female from Bespin.
443,  Yora Organa ,human,  female ,1.61,85.1,  AUBURN ,HAZEL,Fair,24.9BBY,geonosis,113.5,A Human Female from Geonosis.
444,Zen Star,  Human ,  Female ,1.64,67.3,  brown ,  GREEN ,  TAN ,104.2BBY,  bothawui ,,A Human Female from Bothawui.
445,Fiv Kenobi,human,Female,1.97,67.8,  BROWN ,Brown,Fair,140.3ABY,kamino,180.5,A Human Female from Kamino.
446,  Rex Cloud ,  GUNGAN ,Male,1.85,64.4,,  Orange ,Brown,402.4BBY,  Bothawui ,,A Gungan Male from Bothawui.
447,shaak rex,Gungan,male,1.83,76.0,,Orange,Brown,203.6BBY,  crait ,264.0,A Gungan Male from Crait.
448,  Rey Dark ,jawa,male,unknown,42.0,,Yellow,Brown,247.4BBY,Dagobah,304.7,A Jawa Male from Dagobah.
449,  rex cloud ,,male,1.72,64.5,,  Green ,Yellow,380.4BBY,Jakku,,A Twi'lek Male from Jakku.
450,rex solo,  ewok ,Female,unknown,20.3,White,black,  Brown ,90.4BBY,  Bespin ,170.3,A Ewok Female from Bespin.
451,Chir Dameron,Jawa,Male,1.06,40.3,,yellow,  Brown ,112.1BBY,tatooine,134.7,A Jawa Male from Tatooine.
452,Luma Dark,MON CALAMARI,Male,1.8,74.8,,yellow,salmon,91.6ABY,  kamino ,,A Mon Calamari Male from Kamino.
453,  Yora Windu ,  twi'lek ,Female,1.68,60.6,,Brown,red,308.2BBY,Kashyyyk,,A Twi'lek Female from Kashyyyk.
454,  Dax Tano ,Rodian,  Male ,1.69,81.9,,black,  Blue-Green ,211.1BBY,  Mon Cala ,,A Rodian Male from Mon Cala.
455,  jyn moon ,TWI'LEK,Male,1.79,unknown,,  Yellow ,  green ,328.9BBY,bothawui,,A Twi'lek Male from Bothawui.
456,  Sora Windu ,  Human ,  FEMALE ,1.81,100.2,Blond,Grey,  Tan ,25.1ABY,Takodana,,A Human Female from Takodana.
457,rey sky,Zabrak,  Male ,unknown,93.8,  black ,red,Red,63.2BBY,  ENDOR ,,A Zabrak Male from Endor.
458,Poe Erso,Human,male,1.8,89.5,,  BROWN ,  tan ,unknown,tatooine,,A Human Male from Tatooine.
459,  Mace Erso ,Ewok,male,0.74,18.0,White,Black,  brown ,246.0BBY,Geonosis,288.7,A Ewok Male from Geonosis.
460,Plo Tano,ZABRAK,male,1.83,82.2,,Yellow,Red,408.8BBY,Bespin,481.8,A Zabrak Male from Bespin.
461,BAIL KENOBI,  EWOK ,Male,0.9,unknown,Black,BLACK,  Pink ,209.7BBY,  CRAIT ,253.8,A Ewok Male from Crait.
462,  Dax Moon ,Jawa,Male,1.24,28.0,,Orange,Brown,126.6BBY,endor,,A Jawa Male from Endor.
463,rex koon,,Male,1.86,70.9,,  Blue ,  BLUE ,86.1ABY,  ENDOR ,,A Mon Calamari Male from Endor.
464,  Cass Walker ,  Gungan ,female,1.72,58.4,,Orange,Brown,438.2BBY,Mon Cala,,A Gungan Female from Mon Cala.
465,TORO SOLO,Wookiee,Female,2.13,103.2,  grey ,brown,BROWN,232.9ABY,Naboo,,A Wookiee Female from Naboo.
466,elow wind,  Zabrak ,Male,1.86,85.6,Black,yellow,Pale,238.7BBY,Alderaan,,A Zabrak Male from Alderaan.
467,Padm Andor,JAWA,Male,0.94,44.0,,  Orange ,brown,338.1BBY,  jakku ,,A Jawa Male from Jakku.
468,  Zen Cloud ,human,female,unknown,78.0,Black,  Brown ,Tan,317.2ABY,endor,,A Human Female from Endor.
469,  Echo Wind ,  Human ,  Male ,unknown,100.2,black,BLUE,  PALE ,410.3BBY,  Exegol ,,A Human Male from Exegol.
470,Jyn Vader,HUMAN,Male,1.66,71.9,AUBURN,blue,Tan,311.1ABY,  Jakku ,,A Human Male from Jakku.
471,Bodhi Solo,HUMAN,Female,1.78,48.0,,BROWN,pale,260.7ABY,Rodia,,A Human Female from Rodia.
472,Mace Fett,wookiee,  Male ,2.26,109.4,Grey,  BROWN ,  BROWN ,31.9BBY,  Sullust ,64.8,A Wookiee Male from Sullust.
473,Saw Koon,  Twi'lek ,  MALE ,1.81,41.9,,blue,  White ,136.6BBY,TAKODANA,,A Twi'lek Male from Takodana.
474,Plo Star,MON CALAMARI,  Female ,unknown,76.4,,  yellow ,Brown,313.7ABY,  takodana ,403.2,A Mon Calamari Female from Takodana.
475,Rex Dameron,Hutt,hermaphrodite,3.23,"1,127",,  orange ,  brown ,294.3BBY,Exegol,320.6,A Hutt Hermaphrodite from Exegol.
476,  plo andor ,Human,  Female ,1.68,68.6,Brown,brown,Dark,204.2BBY,Tatooine,,A Human Female from Tatooine.
477,K-2 Wind,Mon Calamari,  Male ,unknown,86.9,,  yellow ,Brown,142.1BBY,  Bothawui ,164.4,A Mon Calamari Male from Bothawui.
478,Cass Amidala,Zabrak,MALE,1.65,76.6,,Red,Pale,368.5ABY,KAMINO,398.5,A Zabrak Male from Kamino.
479,Padm Solo,Ewok,Male,0.91,unknown,  White ,Brown,Brown,57.3ABY,Bespin,,A Ewok Male from Bespin.
480,  Kit Storm ,Human,  Male ,2.03,84.0,,BROWN,  TAN ,451.1ABY,  Naboo ,,A Human Male from Naboo.
481,  BODHI STAR ,HUMAN,Male,1.73,76.6,,  green ,Light,155.0BBY,  ALDERAAN ,,A Human Male from Alderaan.
482,FIV AMIDALA,  JAWA ,  female ,0.71,41.1,,Orange,Brown,54.6BBY,Bothawui,,A Jawa Female from Bothawui.
483,  BAZE STORM ,Ewok,Male,1.02,11.9,Grey,Black,brown,69.8ABY,Takodana,,A Ewok Male from Takodana.
484,FOX WINDU,  Twi'lek ,  FEMALE ,1.76,50.1,,Blue,Red,87.5BBY,Endor,,A Twi'lek Female from Endor.
485,Jax Light,  Rodian ,  Male ,1.63,58.0,,  BLACK ,Green,257.6ABY,DAGOBAH,280.8,A Rodian Male from Dagobah.
486,Kira Sky,Mon Calamari,Female,1.87,75.8,,Blue,Salmon,232.8BBY,Takodana,294.2,A Mon Calamari Female from Takodana.
487,  Rey Wind ,Mon Calamari,Male,1.79,59.8,,Orange,BROWN,429.2BBY,Jakku,,A Mon Calamari Male from Jakku.
488,Finn Koon,wookiee,MALE,2.11,98.4,  BROWN ,  blue ,Brown,315.2BBY,Bothawui,393.2,A Wookiee Male from Bothawui.
489,Luma Sky,  Ewok ,  Female ,0.93,14.7,White,Black,BROWN,228.3BBY,Bespin,,A Ewok Female from Bespin.
490,Cass Cody,Human,Male,1.87,70.3,BROWN,Hazel,Fair,322.4BBY,  MON CALA ,409.3,A Human Male from Mon Cala.
491,DAX VADER,Hutt,  HERMAPHRODITE ,3.9,unknown,,Yellow,Tan,84.2BBY,  Tatooine ,109.3,A Hutt Hermaphrodite from Tatooine.
492,Rey Wind,  Gungan ,  FEMALE ,1.91,73.6,,YELLOW,  ORANGE ,342.0ABY,HOTH,413.2,A Gungan Female from Hoth.
493,Voolv Tano,HUMAN,Female,1.55,72.3,,Blue,  Fair ,62.9BBY,Alderaan,,A Human Female from Alderaan.
494,  shaak walker ,Rodian,  male ,1.54,82.1,,BLACK,  Green ,21.0BBY,Alderaan,,A Rodian Male from Alderaan.
495,Voolv Kenobi,Ewok,female,0.95,21.3,  WHITE ,  Brown ,brown,unknown,Coruscant,,A Ewok Female from Coruscant.
496,  Baze Koon ,human,  Female ,1.87,57.0,BLOND,BLUE,fair,50.1BBY,Mon Cala,144.4,A Human Female from Mon Cala.
497,  Dax Light ,Mon Calamari,  Female ,1.82,88.5,,  Orange ,  brown ,171.6BBY,Bothawui,200.1,A Mon Calamari Female from Bothawui.
498,Padm Dameron,Human,  Female ,1.75,52.5,Grey,Hazel,  Fair ,128.6BBY,Rodia,,A Human Female from Rodia.
499,Cody Erso,  EWOK ,male,0.8,25.3,white,Brown,  Brown ,252.4BBY,  Coruscant ,341.5,A Ewok Male from Coruscant.
500,Poe Talon,twi'lek,male,1.66,50.4,,  BROWN ,Yellow,179.0BBY,NABOO,213.2,A Twi'lek Male from Naboo.
501,  Rey Koon ,Ewok,Female,0.94,10.0,White,Black,PINK,468.8BBY,  coruscant ,527.5,A Ewok Female from Coruscant.
502,Mace Rex,,  HERMAPHRODITE ,3.47,"1,668",,ORANGE,Green,269.6BBY,Kamino,294.0,A Hutt Hermaphrodite from Kamino.
503,Echo Dameron,gungan,Female,1.86,81.4,,Yellow,  Orange ,313.0ABY,bothawui,411.8,A Gungan Female from Bothawui.
504,Dax Light,  Twi'lek ,Male,1.84,67.5,,  Yellow ,Yellow,32.4BBY,Rodia,,A Twi'lek Male from Rodia.
505,  mika organa ,Rodian,FEMALE,1.57,37.3,,  black ,Blue-Green,275.7ABY,Endor,,A Rodian Female from Endor.
506,cass windu,MON CALAMARI,Male,1.83,86.1,,  Orange ,Salmon,445.0BBY,Jakku,,A Mon Calamari Male from Jakku.
507,shaak ti,jawa,female,0.88,32.9,,YELLOW,  Brown ,135.6BBY,  sullust ,,A Jawa Female from Sullust.
508,JYN MOON,Twi'lek,  Male ,1.63,51.5,,blue,yellow,309.2BBY,  Sullust ,,A Twi'lek Male from Sullust.
509,REX WALKER,Human,FEMALE,1.68,56.8,  Black ,Green,  dark ,251.8BBY,  Hoth ,,A Human Female from Hoth.
510,  Mace Fisto ,  Human ,  Female ,1.81,73.5,,Hazel,pale,114.8BBY,  Rodia ,,A Human Female from Rodia.
511,  Cody Cloud ,HUMAN,Male,1.73,64.3,  Grey ,  Hazel ,light,438.1BBY,  KASHYYYK ,537.1,A Human Male from Kashyyyk.
512,DAX STORM,Rodian,FEMALE,unknown,76.9,,black,BLUE-GREEN,254.4BBY,kashyyyk,,A Rodian Female from Kashyyyk.
513,rex born,Twi'lek,Female,1.59,52.7,,  blue ,Green,471.3BBY,Sullust,,A Twi'lek Female from Sullust.
514,Zen Vader,  Gungan ,Male,unknown,67.7,,YELLOW,Brown,371.6BBY,  Takodana ,398.6,A Gungan Male from Takodana.
515,  SHAAK GINN ,Hutt,HERMAPHRODITE,3.27,1070.1,,  yellow ,Tan,212.4BBY,  Bothawui ,306.8,A Hutt Hermaphrodite from Bothawui.
516,k-2 erso,  HUMAN ,  MALE ,1.69,77.7,BLOND,Grey,  Tan ,210.9BBY,Mon Cala,,A Human Male from Mon Cala.
517,mace fett,Mon Calamari,  Female ,1.74,77.5,,ORANGE,Salmon,422.5BBY,  NABOO ,487.9,A Mon Calamari Female from Naboo.
518,FIV MOTHMA,Twi'lek,FEMALE,1.76,64.9,,Brown,Yellow,246.5BBY,naboo,,A Twi'lek Female from Naboo.
519,  Qui Sun ,Hutt,  Hermaphrodite ,2.84,1364.5,,Orange,Brown,161.4ABY,geonosis,,A Hutt Hermaphrodite from Geonosis.
520,JAX ANDOR,human,  Male ,1.71,63.6,blond,  Hazel ,  Fair ,336.9BBY,naboo,,A Human Male from Naboo.
521,echo organa,Jawa,female,0.95,30.6,,  orange ,UNKNOWN,unknown,exegol,,A Jawa Female from Exegol.
522,  Padm Born ,zabrak,FEMALE,unknown,61.2,black,  Yellow ,TAN,294.9BBY,Dagobah,,A Zabrak Female from Dagobah.
523,Cody Ti,HUMAN,Male,1.86,78.1,Brown,Brown,Fair,245.5BBY,Bespin,,A Human Male from Bespin.
524,FINN WIND,Wookiee,FEMALE,2.2,unknown,White,Brown,  brown ,198.3ABY,  RODIA ,225.5,A Wookiee Female from Rodia.
525,Voolv Dark,Zabrak,Female,1.69,78.1,black,Yellow,  pale ,unknown,Geonosis,,A Zabrak Female from Geonosis.
526,Kit Rex,  human ,  Male ,1.88,76.5,  Brown ,Blue,  Light ,391.0BBY,Geonosis,,A Human Male from Geonosis.
527,  VOOLV STAR ,,Female,unknown,18.0,Grey,Brown,Brown,113.5BBY,Jakku,144.8,A Ewok Female from Jakku.
528,kira kenobi,Rodian,Female,1.47,unknown,,black,Blue-Green,450.2BBY,Sullust,,A Rodian Female from Sullust.
529,Cody Vader,Jawa,Male,0.91,81.0,,Yellow,  UNKNOWN ,438.3BBY,BESPIN,499.3,A Jawa Male from Bespin.
530,Kira Andor,Rodian,  Male ,1.47,65.6,,Black,  Green ,198.7ABY,EXEGOL,277.7,A Rodian Male from Exegol.
531,Jax Vader,  Human ,  Male ,1.7,59.0,GREY,Hazel,LIGHT,268.2BBY,Hoth,,A Human Male from Hoth.
532,  VOOLV ORGANA ,Human,  male ,1.6,50.5,,  Grey ,Light,458.4BBY,Naboo,505.5,A Human Male from Naboo.
533,Kit Moon,Hutt,Hermaphrodite,3.54,"1,018",,Yellow,Brown,187.9BBY,exegol,,A Hutt Hermaphrodite from Exegol.
534,Saw Sun,  GUNGAN ,Female,1.85,81.7,,Yellow,orange,432.5BBY,crait,499.6,A Gungan Female from Crait.
535,DAX DAMERON,Rodian,female,1.69,61.4,,  black ,green,90.9ABY,mon cala,,A Rodian Female from Mon Cala.
536,VOOLV SUN,  Human ,Male,1.8,52.6,  grey ,Grey,Light,399.9ABY,Hoth,431.5,A Human Male from Hoth.
537,Plo Rex,ZABRAK,MALE,1.66,81.5,,red,Red,21.8BBY,Kamino,,A Zabrak Male from Kamino.
538,Padm Mothma,Ewok,Male,1.11,28.3,  Grey ,Black,  brown ,257.1ABY,Endor,321.0,A Ewok Male from Endor.
539,Voolv Erso,Hutt,Hermaphrodite,3.02,1040.1,,yellow,  Green ,unknown,Mon Cala,,A Hutt Hermaphrodite from Mon Cala.
540,mace solo,Wookiee,Male,unknown,154.5,BLACK,  Blue ,brown,396.6BBY,JAKKU,,A Wookiee Male from Jakku.
541,CASS TANO,HUMAN,female,1.92,81.5,Blond,Brown,Fair,257.4ABY,Kashyyyk,322.2,A Human Female from Kashyyyk.
542,Elow Walker,gungan,female,1.94,59.5,,  YELLOW ,  brown ,359.9ABY,Hoth,387.5,A Gungan Female from Hoth.
543,dax cody,Jawa,Male,0.96,22.7,,YELLOW,  unknown ,153.1BBY,naboo,206.3,A Jawa Male from Naboo.
544,Baze Tano,Wookiee,FEMALE,2.08,105.7,  Grey ,Blue,Dark,unknown,Hoth,,A Wookiee Female from Hoth.
545,  Bail Talon ,Human,Female,1.62,unknown,  Blond ,  Brown ,Pale,50.5BBY,  kamino ,144.9,A Human Female from Kamino.
546,Mace Storm,Zabrak,Male,1.81,83.6,Black,  brown ,PALE,110.5ABY,  bespin ,204.9,A Zabrak Male from Bespin.
547,Ahs Fisto,Hutt,  hermaphrodite ,2.9,833.9,,Orange,Tan,62.2BBY,  Bothawui ,159.0,A Hutt Hermaphrodite from Bothawui.
548,LUMA KENOBI,Rodian,Male,1.43,68.2,,Black,  BLUE-GREEN ,380.8BBY,  NABOO ,465.1,A Rodian Male from Naboo.
549,Cody Walker,Human,  Female ,1.84,82.0,  Blond ,Grey,Dark,449.2ABY,Sullust,483.1,A Human Female from Sullust.
550,Luma Fisto,  Human ,  Female ,1.66,71.1,Brown,  Grey ,PALE,unknown,  Rodia ,,A Human Female from Rodia.
551,  JYN FISTO ,  Hutt ,Hermaphrodite,4.27,971.5,,  yellow ,Green,437.4BBY,  bothawui ,498.6,A Hutt Hermaphrodite from Bothawui.
552,Mace Mothma,Hutt,  hermaphrodite ,unknown,unknown,,Yellow,Green,140.8BBY,kamino,207.2,A Hutt Hermaphrodite from Kamino.
553,Mika Born,  Mon Calamari ,Female,1.84,74.8,,yellow,salmon,96.5BBY,  Alderaan ,180.7,A Mon Calamari Female from Alderaan.
554,yora mothma,Human,MALE,1.67,70.9,Auburn,  Green ,  PALE ,unknown,Alderaan,220.8,A Human Male from Alderaan.
555,  Sora Windu ,Human,female,1.49,73.6,,  HAZEL ,LIGHT,92.6BBY,mon cala,167.3,A Human Female from Mon Cala.
