id,name,species,gender,height,mass,hair_color,eye_color,skin_color,birth_year,homeworld,year_died,description,birth_year_num,is_human
1,zen fisto,ewok,female,0.93,20.3,white,brown,brown,62.1BBY,naboo,85.2,A Ewok Female from Naboo.,62.1,Non-Human
2,rex talon,human,female,1.8,57.3,blond,grey,dark,unknown,rodia,,A Human Female from Rodia.,,Human
3,qui dark,gungan,male,1.95,93.5,,yellow,brown,171.6ABY,rodia,,A Gungan Male from Rodia.,-171.6,Non-Human
4,zen kenobi,human,male,,86.2,blond,green,light,291.7BBY,crait,363.9,A Human Male from Crait.,291.7,Human
5,toro amidala,hutt,hermaphrodite,3.51,1467.0,,yellow,tan,160.5BBY,takodana,217.4,A Hutt Hermaphrodite from Takodana.,160.5,Non-Human
6,bail rex,human,male,1.96,95.4,auburn,grey,tan,291.4BBY,crait,369.5,A Human Male from Crait.,291.4,Human
7,dax koon,rodian,female,1.77,62.0,,black,blue-green,218.2ABY,alderaan,250.7,A Rodian Female from Alderaan.,-218.2,Non-Human
8,poe cloud,mon calamari,male,1.75,58.7,,blue,blue,477.8BBY,hoth,524.1,A Mon Calamari Male from Hoth.,477.8,Non-Human
9,sora organa,ewok,female,1.07,10.6,white,black,brown,391.8ABY,jakku,,A Ewok Female from Jakku.,-391.8,Non-Human
10,jyn rex,mon calamari,female,1.86,76.7,,orange,salmon,408.7BBY,geonosis,,A Mon Calamari Female from Geonosis.,408.7,Non-Human
12,cass sun,human,male,1.61,64.3,grey,hazel,light,177.3BBY,coruscant,,A Human Male from Coruscant.,177.3,Human
13,chir star,jawa,female,0.83,54.6,,yellow,unknown,271.3BBY,jakku,,A Jawa Female from Jakku.,271.3,Non-Human
14,zen wind,wookiee,female,2.14,143.1,brown,blue,brown,273.3BBY,bespin,305.9,A Wookiee Female from Bespin.,273.3,Non-Human
15,saw sun,ewok,female,1.01,26.6,white,brown,brown,421.0BBY,rodia,,A Ewok Female from Rodia.,421.0,Non-Human
16,luma amidala,human,male,1.49,66.8,brown,hazel,pale,323.1ABY,naboo,,A Human Male from Naboo.,-323.1,Human
17,sora koon,human,female,1.9,89.3,black,brown,fair,310.3BBY,dagobah,346.0,A Human Female from Dagobah.,310.3,Human
18,echo erso,human,female,1.97,99.3,auburn,green,pale,283.1BBY,rodia,,A Human Female from Rodia.,283.1,Human
19,kit wind,mon calamari,male,1.84,,,blue,brown,213.3BBY,bespin,,A Mon Calamari Male from Bespin.,213.3,Non-Human
20,chir born,gungan,female,1.95,71.5,,orange,orange,374.9BBY,jakku,438.5,A Gungan Female from Jakku.,374.9,Non-Human
21,jyn vader,hutt,hermaphrodite,4.05,830.1,,yellow,green,414.3BBY,hoth,,A Hutt Hermaphrodite from Hoth.,414.3,Non-Human
22,ahs rex,human,male,1.9,88.5,auburn,hazel,pale,298.5BBY,hoth,,A Human Male from Hoth.,298.5,Human
24,cass star,jawa,female,1.04,43.3,,yellow,unknown,173.9ABY,alderaan,,A Jawa Female from Alderaan.,-173.9,Non-Human
26,jax windu,human,female,1.94,83.5,brown,brown,fair,12.5BBY,exegol,,A Human Female from Exegol.,12.5,Human
27,fiv cloud,jawa,female,,11.7,,yellow,brown,173.2BBY,exegol,,A Jawa Female from Exegol.,173.2,Non-Human
28,k-2 cody,gungan,female,,66.2,,yellow,orange,379.7ABY,rodia,,A Gungan Female from Rodia.,-379.7,Non-Human
29,luma vader,human,female,,91.9,auburn,green,light,345.0ABY,hoth,369.7,A Human Female from Hoth.,-345.0,Human
30,k-2 fett,human,male,1.61,66.5,auburn,blue,light,191.5BBY,mon cala,,A Human Male from Mon Cala.,191.5,Human
31,kit cody,rodian,male,1.72,67.6,,black,green,111.1BBY,naboo,,A Rodian Male from Naboo.,111.1,Non-Human
32,voolv fett,gungan,male,1.92,65.4,,orange,brown,unknown,dagobah,521.0,A Gungan Male from Dagobah.,,Non-Human
33,baze dark,rodian,male,1.6,50.5,,black,blue-green,404.3BBY,exegol,,A Rodian Male from Exegol.,404.3,Non-Human
34,yora solo,rodian,male,1.64,76.1,,black,green,171.2BBY,kamino,212.7,A Rodian Male from Kamino.,171.2,Non-Human
35,poe moon,zabrak,female,1.78,78.4,,red,red,298.2BBY,dagobah,,A Zabrak Female from Dagobah.,298.2,Non-Human
36,dax ginn,twi'lek,female,1.66,75.5,,brown,yellow,135.1BBY,naboo,,A Twi'lek Female from Naboo.,135.1,Non-Human
37,ahs talon,human,female,1.69,61.3,brown,hazel,light,unknown,mon cala,390.3,A Human Female from Mon Cala.,,Human
38,bodhi sky,hutt,hermaphrodite,,998.3,,yellow,green,unknown,dagobah,467.1,A Hutt Hermaphrodite from Dagobah.,,Non-Human
39,padm star,hutt,hermaphrodite,4.09,1238.0,,yellow,green,191.8BBY,exegol,241.7,A Hutt Hermaphrodite from Exegol.,191.8,Non-Human
41,luma organa,twi'lek,female,1.65,69.5,,blue,green,unknown,sullust,,A Twi'lek Female from Sullust.,,Non-Human
42,bail fisto,mon calamari,female,1.82,77.8,,orange,salmon,89.1BBY,kamino,178.5,A Mon Calamari Female from Kamino.,89.1,Non-Human
43,kit organa,ewok,female,1.06,21.8,brown,brown,pink,unknown,dagobah,391.8,A Ewok Female from Dagobah.,,Non-Human
44,fox moon,human,female,1.51,46.5,brown,green,light,298.7ABY,mon cala,,A Human Female from Mon Cala.,-298.7,Human
45,elow ginn,rodian,male,1.87,51.5,,black,blue-green,474.4BBY,mon cala,,A Rodian Male from Mon Cala.,474.4,Non-Human
46,finn sky,twi'lek,male,1.85,59.7,,brown,pink,367.0BBY,rodia,,A Twi'lek Male from Rodia.,367.0,Non-Human
47,voolv ginn,human,female,1.56,,auburn,hazel,tan,332.3BBY,jakku,,A Human Female from Jakku.,332.3,Human
48,baze fisto,human,male,1.77,99.3,,grey,tan,unknown,exegol,244.4,A Human Male from Exegol.,,Human
49,k-2 windu,human,male,,73.1,auburn,hazel,pale,412.3BBY,bespin,470.5,A Human Male from Bespin.,412.3,Human
50,kira sun,wookiee,male,2.17,121.4,black,blue,brown,335.1BBY,geonosis,375.4,A Wookiee Male from Geonosis.,335.1,Non-Human
51,kira mothma,human,male,1.53,85.4,grey,brown,fair,64.2BBY,geonosis,124.6,A Human Male from Geonosis.,64.2,Human
52,qui windu,mon calamari,male,1.78,71.0,,orange,blue,unknown,naboo,59.9,A Mon Calamari Male from Naboo.,,Non-Human
53,sora rex,zabrak,female,1.71,74.0,,yellow,tan,39.0BBY,kashyyyk,,A Zabrak Female from Kashyyyk.,39.0,Non-Human
54,jax cody,hutt,hermaphrodite,2.78,1196.0,,yellow,brown,373.0BBY,exegol,,A Hutt Hermaphrodite from Exegol.,373.0,Non-Human
55,jyn light,ewok,female,0.67,20.9,black,black,brown,273.7BBY,geonosis,,A Ewok Female from Geonosis.,273.7,Non-Human
56,finn moon,human,female,1.54,110.4,auburn,brown,light,unknown,takodana,217.2,A Human Female from Takodana.,,Human
57,cass cody,mon calamari,female,,78.0,,yellow,brown,295.0BBY,mon cala,384.9,A Mon Calamari Female from Mon Cala.,295.0,Non-Human
58,cody kenobi,mon calamari,female,1.78,,,blue,blue,198.8BBY,sullust,242.5,A Mon Calamari Female from Sullust.,198.8,Non-Human
59,sora wind,ewok,female,0.98,22.9,brown,brown,brown,358.3BBY,rodia,387.1,A Ewok Female from Rodia.,358.3,Non-Human
60,bail moon,gungan,male,1.89,,,yellow,brown,194.6BBY,sullust,218.3,A Gungan Male from Sullust.,194.6,Non-Human
61,shaak sun,human,male,1.95,98.2,black,blue,fair,282.9BBY,kashyyyk,370.2,A Human Male from Kashyyyk.,282.9,Human
62,zen organa,ewok,female,,,black,black,pink,264.0BBY,kamino,,A Ewok Female from Kamino.,264.0,Non-Human
63,voolv storm,twi'lek,male,1.78,65.6,,yellow,white,266.3BBY,geonosis,306.7,A Twi'lek Male from Geonosis.,266.3,Non-Human
64,mon sky,wookiee,female,2.11,,black,brown,brown,310.2BBY,rodia,342.8,A Wookiee Female from Rodia.,310.2,Non-Human
65,kira andor,zabrak,female,1.79,85.0,black,brown,yellow,136.9BBY,tatooine,,A Zabrak Female from Tatooine.,136.9,Non-Human
66,jyn fisto,gungan,male,1.74,,,yellow,brown,38.9BBY,coruscant,,A Gungan Male from Coruscant.,38.9,Non-Human
67,poe ginn,human,female,1.68,72.4,brown,hazel,tan,340.5BBY,coruscant,425.8,A Human Female from Coruscant.,340.5,Human
68,padm walker,wookiee,male,2.22,102.6,grey,blue,brown,148.7BBY,bespin,237.0,A Wookiee Male from Bespin.,148.7,Non-Human
69,dax ginn,zabrak,female,1.66,71.2,black,brown,tan,281.3BBY,exegol,346.7,A Zabrak Female from Exegol.,281.3,Non-Human
70,bodhi moon,human,female,1.61,72.7,auburn,brown,dark,130.2BBY,sullust,,A Human Female from Sullust.,130.2,Human
71,rex fett,gungan,male,1.75,81.1,,yellow,orange,unknown,mon cala,49.1,A Gungan Male from Mon Cala.,,Non-Human
72,qui storm,mon calamari,male,1.89,66.9,,yellow,blue,unknown,coruscant,,A Mon Calamari Male from Coruscant.,,Non-Human
73,k-2 organa,human,female,1.79,71.2,brown,green,fair,139.6BBY,geonosis,186.9,A Human Female from Geonosis.,139.6,Human
74,rey storm,zabrak,female,1.73,70.1,black,red,red,239.1ABY,kamino,,A Zabrak Female from Kamino.,-239.1,Non-Human
75,kit talon,human,male,1.42,91.6,,green,dark,265.0BBY,bothawui,,A Human Male from Bothawui.,265.0,Human
76,padm dark,mon calamari,female,1.8,75.0,,yellow,salmon,202.8BBY,dagobah,280.5,A Mon Calamari Female from Dagobah.,202.8,Non-Human
77,rex cloud,human,female,1.85,76.6,black,green,fair,319.3BBY,crait,,A Human Female from Crait.,319.3,Human
78,elow mothma,twi'lek,female,1.65,58.8,,green,red,430.8BBY,sullust,468.1,A Twi'lek Female from Sullust.,430.8,Non-Human
79,yora star,human,female,1.64,80.6,blond,brown,pale,unknown,coruscant,427.6,A Human Female from Coruscant.,,Human
80,poe solo,rodian,male,,54.2,,black,green,332.4BBY,jakku,426.4,A Rodian Male from Jakku.,332.4,Non-Human
81,chir erso,gungan,male,,69.6,,orange,brown,367.0ABY,dagobah,,A Gungan Male from Dagobah.,-367.0,Non-Human
82,jax fett,human,female,1.77,75.3,grey,blue,dark,491.5ABY,exegol,580.7,A Human Female from Exegol.,-491.5,Human
83,toro dameron,human,female,,95.0,auburn,brown,pale,392.0BBY,tatooine,433.7,A Human Female from Tatooine.,392.0,Human
84,k-2 wind,hutt,hermaphrodite,3.67,1210.0,,orange,brown,39.3BBY,mon cala,99.1,A Hutt Hermaphrodite from Mon Cala.,39.3,Non-Human
85,zen cody,zabrak,male,,75.4,black,yellow,red,278.8ABY,crait,309.1,A Zabrak Male from Crait.,-278.8,Non-Human
86,poe fisto,human,female,1.62,71.8,,blue,light,395.9ABY,kamino,434.7,A Human Female from Kamino.,-395.9,Human
87,mon organa,ewok,male,0.94,18.3,white,brown,brown,421.1BBY,mon cala,492.6,A Ewok Male from Mon Cala.,421.1,Non-Human
88,qui sky,zabrak,female,1.75,89.1,black,yellow,red,372.2BBY,dagobah,450.2,A Zabrak Female from Dagobah.,372.2,Non-Human
89,jax koon,rodian,male,1.54,60.7,,black,blue-green,354.9BBY,bespin,,A Rodian Male from Bespin.,354.9,Non-Human
90,jax ginn,rodian,female,1.76,,,black,green,194.6ABY,tatooine,,A Rodian Female from Tatooine.,-194.6,Non-Human
91,baze sky,mon calamari,female,,77.3,,blue,salmon,unknown,mon cala,,A Mon Calamari Female from Mon Cala.,,Non-Human
92,ahs andor,twi'lek,female,,55.4,,yellow,red,145.5BBY,exegol,,A Twi'lek Female from Exegol.,145.5,Non-Human
93,bail ti,wookiee,male,2.11,124.2,white,brown,dark,359.4BBY,rodia,,A Wookiee Male from Rodia.,359.4,Non-Human
94,mika wind,mon calamari,male,1.77,72.6,,blue,brown,102.8BBY,mon cala,,A Mon Calamari Male from Mon Cala.,102.8,Non-Human
96,fox organa,hutt,hermaphrodite,4.71,1562.8,,yellow,green,283.4ABY,mon cala,,A Hutt Hermaphrodite from Mon Cala.,-283.4,Non-Human
97,zen born,rodian,female,1.74,,,black,blue-green,298.6BBY,dagobah,,A Rodian Female from Dagobah.,298.6,Non-Human
98,cass walker,jawa,female,1.01,27.1,,orange,unknown,53.9BBY,takodana,,A Jawa Female from Takodana.,53.9,Non-Human
99,rex light,human,male,1.58,,blond,green,dark,109.3BBY,sullust,,A Human Male from Sullust.,109.3,Human
100,zen dark,mon calamari,male,1.86,75.4,,orange,salmon,306.6BBY,kashyyyk,,A Mon Calamari Male from Kashyyyk.,306.6,Non-Human
101,zen amidala,human,female,1.85,,grey,green,tan,150.8BBY,geonosis,182.9,A Human Female from Geonosis.,150.8,Human
105,plo koon,jawa,male,,38.6,,yellow,brown,42.1BBY,endor,,A Jawa Male from Endor.,42.1,Non-Human
106,kira ginn,gungan,female,1.83,68.4,,orange,brown,429.9BBY,takodana,,A Gungan Female from Takodana.,429.9,Non-Human
107,kit ti,human,male,1.78,65.9,auburn,green,pale,133.4ABY,rodia,170.3,A Human Male from Rodia.,-133.4,Human
108,sora cody,human,male,1.74,84.7,blond,brown,tan,384.6BBY,tatooine,459.2,A Human Male from Tatooine.,384.6,Human
109,fox talon,gungan,male,1.82,74.6,,yellow,orange,164.1BBY,hoth,202.2,A Gungan Male from Hoth.,164.1,Non-Human
110,zen mothma,human,male,1.72,93.9,brown,grey,fair,234.1BBY,exegol,,A Human Male from Exegol.,234.1,Human
111,rex cody,gungan,female,1.83,66.1,,orange,brown,412.0ABY,dagobah,,A Gungan Female from Dagobah.,-412.0,Non-Human
112,jax organa,twi'lek,male,1.74,,,blue,blue,60.6BBY,rodia,123.7,A Twi'lek Male from Rodia.,60.6,Non-Human
113,rey dark,wookiee,male,2.1,105.5,black,blue,dark,456.9BBY,rodia,539.8,A Wookiee Male from Rodia.,456.9,Non-Human
114,sora windu,human,female,1.78,,black,hazel,fair,92.6BBY,exegol,,A Human Female from Exegol.,92.6,Human
115,sora wind,human,male,1.59,87.7,blond,grey,pale,355.0BBY,rodia,,A Human Male from Rodia.,355.0,Human
116,mon fisto,gungan,male,1.84,62.6,,yellow,orange,unknown,exegol,268.2,A Gungan Male from Exegol.,,Non-Human
117,kira talon,wookiee,male,2.15,164.6,black,brown,dark,32.7BBY,coruscant,81.6,A Wookiee Male from Coruscant.,32.7,Non-Human
118,bodhi solo,rodian,male,1.89,62.5,,black,green,141.8BBY,kashyyyk,184.4,A Rodian Male from Kashyyyk.,141.8,Non-Human
119,mon born,ewok,male,1.08,20.9,grey,black,brown,67.2BBY,kashyyyk,133.6,A Ewok Male from Kashyyyk.,67.2,Non-Human
120,cody storm,jawa,female,1.17,27.4,,yellow,brown,391.8BBY,coruscant,,A Jawa Female from Coruscant.,391.8,Non-Human
121,sora moon,human,female,1.82,109.1,grey,grey,dark,222.3BBY,tatooine,255.9,A Human Female from Tatooine.,222.3,Human
122,kira storm,human,male,1.73,68.4,auburn,green,pale,433.7BBY,mon cala,503.2,A Human Male from Mon Cala.,433.7,Human
123,zen kenobi,human,male,1.71,,,hazel,light,229.2BBY,alderaan,,A Human Male from Alderaan.,229.2,Human
124,rey erso,jawa,female,1.02,,,orange,brown,443.6BBY,rodia,537.4,A Jawa Female from Rodia.,443.6,Non-Human
125,yora dark,human,male,1.71,43.5,blond,brown,tan,351.5ABY,kamino,450.9,A Human Male from Kamino.,-351.5,Human
126,kit tano,ewok,male,1.05,23.9,black,black,pink,79.8BBY,sullust,,A Ewok Male from Sullust.,79.8,Non-Human
127,fiv solo,human,female,2.1,84.2,blond,brown,light,489.1BBY,takodana,,A Human Female from Takodana.,489.1,Human
128,voolv solo,human,male,1.7,75.7,black,hazel,tan,419.7BBY,endor,461.9,A Human Male from Endor.,419.7,Human
129,jyn tano,rodian,male,1.72,77.4,,black,green,140.8BBY,endor,221.6,A Rodian Male from Endor.,140.8,Non-Human
130,kira windu,hutt,hermaphrodite,3.07,1146.0,,yellow,green,unknown,kashyyyk,,A Hutt Hermaphrodite from Kashyyyk.,,Non-Human
131,mace cody,gungan,female,1.86,67.3,,orange,orange,unknown,bespin,,A Gungan Female from Bespin.,,Non-Human
132,voolv talon,human,female,1.93,73.4,blond,grey,fair,456.8BBY,jakku,,A Human Female from Jakku.,456.8,Human
133,padm ti,human,male,,83.1,,brown,light,207.4BBY,alderaan,248.9,A Human Male from Alderaan.,207.4,Human
134,rex sky,human,male,1.79,90.7,blond,blue,tan,52.7ABY,mon cala,,A Human Male from Mon Cala.,-52.7,Human
135,cody cody,twi'lek,female,1.8,63.2,,green,green,388.0ABY,takodana,471.2,A Twi'lek Female from Takodana.,-388.0,Non-Human
136,yora sun,human,male,1.58,64.9,auburn,brown,tan,unknown,endor,,A Human Male from Endor.,,Human
137,finn windu,hutt,hermaphrodite,3.26,1249.8,,orange,brown,44.7BBY,rodia,78.0,A Hutt Hermaphrodite from Rodia.,44.7,Non-Human
138,shaak mothma,hutt,hermaphrodite,3.74,1506.0,,yellow,tan,407.0BBY,coruscant,,A Hutt Hermaphrodite from Coruscant.,407.0,Non-Human
139,yora sky,mon calamari,female,1.83,69.6,,blue,salmon,unknown,alderaan,,A Mon Calamari Female from Alderaan.,,Non-Human
140,mon storm,mon calamari,female,1.75,83.5,,orange,brown,147.7BBY,tatooine,,A Mon Calamari Female from Tatooine.,147.7,Non-Human
141,chir kenobi,jawa,female,0.91,25.3,,orange,unknown,304.7ABY,bothawui,366.5,A Jawa Female from Bothawui.,-304.7,Non-Human
142,bodhi organa,twi'lek,male,1.8,87.6,,blue,blue,38.7BBY,exegol,,A Twi'lek Male from Exegol.,38.7,Non-Human
143,toro vader,gungan,female,2.05,73.6,,yellow,brown,277.9BBY,rodia,,A Gungan Female from Rodia.,277.9,Non-Human
144,baze cody,mon calamari,female,,71.5,,blue,blue,41.5BBY,takodana,,A Mon Calamari Female from Takodana.,41.5,Non-Human
145,zen vader,rodian,female,1.6,63.1,,black,green,388.8ABY,kashyyyk,,A Rodian Female from Kashyyyk.,-388.8,Non-Human
146,chir tano,ewok,male,0.94,15.8,brown,black,pink,293.6ABY,takodana,347.4,A Ewok Male from Takodana.,-293.6,Non-Human
147,mon vader,human,male,1.69,64.8,blond,green,fair,52.8ABY,jakku,,A Human Male from Jakku.,-52.8,Human
148,mika mothma,jawa,female,1.14,45.0,,yellow,unknown,243.2BBY,coruscant,316.0,A Jawa Female from Coruscant.,243.2,Non-Human
149,fiv koon,human,female,1.75,88.3,,grey,fair,255.3BBY,jakku,302.1,A Human Female from Jakku.,255.3,Human
150,dax walker,wookiee,female,2.12,107.5,white,brown,brown,473.2BBY,bothawui,,A Wookiee Female from Bothawui.,473.2,Non-Human
151,echo dark,ewok,male,0.99,19.2,brown,brown,pink,442.6BBY,naboo,,A Ewok Male from Naboo.,442.6,Non-Human
152,voolv dark,hutt,hermaphrodite,3.14,1418.0,,orange,brown,unknown,bothawui,357.5,A Hutt Hermaphrodite from Bothawui.,,Non-Human
153,k-2 sky,human,male,2.04,,black,blue,pale,unknown,dagobah,,A Human Male from Dagobah.,,Human
154,sora light,twi'lek,female,1.92,47.0,,brown,pink,239.0BBY,geonosis,268.5,A Twi'lek Female from Geonosis.,239.0,Non-Human
155,rey talon,rodian,male,1.82,69.6,,black,green,42.7BBY,kashyyyk,94.2,A Rodian Male from Kashyyyk.,42.7,Non-Human
156,toro storm,ewok,male,0.95,21.2,grey,brown,pink,390.0ABY,kamino,,A Ewok Male from Kamino.,-390.0,Non-Human
157,poe fisto,rodian,female,1.67,65.8,,black,blue-green,452.5BBY,crait,,A Rodian Female from Crait.,452.5,Non-Human
158,saw moon,hutt,hermaphrodite,3.13,1507.0,,orange,brown,438.7BBY,endor,491.0,A Hutt Hermaphrodite from Endor.,438.7,Non-Human
159,rex solo,jawa,male,0.73,32.1,,yellow,brown,101.4BBY,crait,201.1,A Jawa Male from Crait.,101.4,Non-Human
161,qui tano,rodian,male,1.47,69.7,,black,blue-green,450.1BBY,hoth,,A Rodian Male from Hoth.,450.1,Non-Human
162,zen kenobi,twi'lek,female,1.83,57.2,,green,green,301.1ABY,rodia,380.5,A Twi'lek Female from Rodia.,-301.1,Non-Human
163,voolv erso,gungan,male,1.98,90.6,,orange,brown,25.1BBY,dagobah,,A Gungan Male from Dagobah.,25.1,Non-Human
164,luma cloud,rodian,male,1.65,44.5,,black,green,155.0BBY,alderaan,,A Rodian Male from Alderaan.,155.0,Non-Human
166,echo ti,wookiee,female,2.21,138.6,brown,blue,dark,40.2BBY,exegol,,A Wookiee Female from Exegol.,40.2,Non-Human
167,yora cloud,human,male,1.96,64.1,blond,grey,fair,367.3BBY,crait,,A Human Male from Crait.,367.3,Human
168,jax fisto,wookiee,male,2.28,103.8,black,blue,brown,48.7BBY,jakku,120.5,A Wookiee Male from Jakku.,48.7,Non-Human
169,rey kenobi,ewok,male,0.94,17.9,grey,black,pink,145.6BBY,bespin,204.9,A Ewok Male from Bespin.,145.6,Non-Human
170,jyn fett,gungan,male,1.92,74.8,,yellow,brown,302.3BBY,sullust,342.8,A Gungan Male from Sullust.,302.3,Non-Human
171,mace dameron,human,male,1.97,,brown,brown,dark,163.5BBY,coruscant,,A Human Male from Coruscant.,163.5,Human
172,yora wind,gungan,female,1.95,77.7,,orange,brown,106.4BBY,kashyyyk,194.2,A Gungan Female from Kashyyyk.,106.4,Non-Human
173,k-2 mothma,hutt,hermaphrodite,3.43,1011.3,,orange,brown,87.6BBY,coruscant,,A Hutt Hermaphrodite from Coruscant.,87.6,Non-Human
174,toro ti,wookiee,male,2.06,,grey,blue,brown,223.6ABY,crait,,A Wookiee Male from Crait.,-223.6,Non-Human
175,saw talon,twi'lek,female,1.85,51.0,,yellow,green,438.8BBY,sullust,,A Twi'lek Female from Sullust.,438.8,Non-Human
176,rex light,zabrak,male,1.83,102.9,black,red,red,unknown,crait,,A Zabrak Male from Crait.,,Non-Human
177,fox koon,twi'lek,female,1.71,,,green,pink,490.7ABY,hoth,,A Twi'lek Female from Hoth.,-490.7,Non-Human
178,padm tano,human,male,1.78,,,hazel,pale,126.0ABY,naboo,,A Human Male from Naboo.,-126.0,Human
179,fiv ginn,mon calamari,male,,85.5,,blue,salmon,192.3ABY,tatooine,,A Mon Calamari Male from Tatooine.,-192.3,Non-Human
180,voolv rex,mon calamari,female,1.82,73.0,,yellow,salmon,274.0BBY,endor,302.3,A Mon Calamari Female from Endor.,274.0,Non-Human
181,toro tano,wookiee,male,2.03,85.3,black,blue,brown,341.6BBY,bothawui,414.8,A Wookiee Male from Bothawui.,341.6,Non-Human
182,chir andor,wookiee,male,,123.6,white,brown,brown,245.8BBY,exegol,341.1,A Wookiee Male from Exegol.,245.8,Non-Human
183,fiv wind,human,female,1.73,,brown,green,pale,491.5BBY,tatooine,519.8,A Human Female from Tatooine.,491.5,Human
184,mon walker,rodian,male,1.77,72.1,,black,blue-green,398.6BBY,kashyyyk,,A Rodian Male from Kashyyyk.,398.6,Non-Human
185,mika moon,human,female,1.9,,,green,fair,113.9BBY,tatooine,185.0,A Human Female from Tatooine.,113.9,Human
186,jax cody,twi'lek,female,1.76,67.5,,green,blue,411.5BBY,geonosis,462.0,A Twi'lek Female from Geonosis.,411.5,Non-Human
187,luma ti,human,female,1.71,60.3,auburn,hazel,tan,318.3BBY,coruscant,,A Human Female from Coruscant.,318.3,Human
188,poe sky,human,female,1.94,94.9,blond,blue,tan,322.7BBY,bothawui,,A Human Female from Bothawui.,322.7,Human
190,mika ti,rodian,male,1.78,64.8,,black,green,343.6BBY,crait,,A Rodian Male from Crait.,343.6,Non-Human
191,qui wind,mon calamari,female,,71.4,,yellow,salmon,158.7BBY,takodana,,A Mon Calamari Female from Takodana.,158.7,Non-Human
192,luma tano,human,male,1.91,92.1,blond,brown,tan,466.8BBY,dagobah,,A Human Male from Dagobah.,466.8,Human
193,zen wind,zabrak,female,1.78,86.1,,brown,tan,unknown,kamino,486.2,A Zabrak Female from Kamino.,,Non-Human
194,zen organa,wookiee,male,2.26,113.6,brown,brown,brown,300.7ABY,jakku,,A Wookiee Male from Jakku.,-300.7,Non-Human
196,plo fett,human,female,1.79,,blond,blue,light,60.4BBY,geonosis,137.6,A Human Female from Geonosis.,60.4,Human
197,cass erso,twi'lek,male,1.8,54.5,,brown,pink,118.5BBY,kamino,,A Twi'lek Male from Kamino.,118.5,Non-Human
198,cody walker,zabrak,male,1.92,73.4,black,red,yellow,460.2BBY,mon cala,512.7,A Zabrak Male from Mon Cala.,460.2,Non-Human
199,jax walker,rodian,male,1.78,78.2,,black,blue-green,153.3BBY,mon cala,,A Rodian Male from Mon Cala.,153.3,Non-Human
200,k-2 wind,wookiee,male,2.26,,grey,blue,dark,unknown,exegol,,A Wookiee Male from Exegol.,,Non-Human
201,sora erso,human,female,1.66,77.9,brown,grey,dark,411.3BBY,kamino,449.8,A Human Female from Kamino.,411.3,Human
202,echo star,mon calamari,male,1.81,76.2,,yellow,blue,289.0BBY,rodia,,A Mon Calamari Male from Rodia.,289.0,Non-Human
203,rey dameron,rodian,female,1.67,67.3,,black,green,12.6ABY,naboo,97.0,A Rodian Female from Naboo.,-12.6,Non-Human
204,sora ti,human,female,1.94,63.1,grey,hazel,fair,unknown,kamino,476.5,A Human Female from Kamino.,,Human
205,bodhi vader,wookiee,female,2.15,154.4,brown,brown,dark,305.5BBY,sullust,405.3,A Wookiee Female from Sullust.,305.5,Non-Human
206,voolv erso,human,male,1.67,99.0,brown,blue,fair,210.8BBY,tatooine,297.2,A Human Male from Tatooine.,210.8,Human
207,poe moon,wookiee,female,2.05,88.5,white,brown,dark,207.2BBY,geonosis,238.7,A Wookiee Female from Geonosis.,207.2,Non-Human
208,rex organa,human,male,1.81,74.0,,hazel,pale,81.7BBY,jakku,,A Human Male from Jakku.,81.7,Human
209,finn organa,human,female,1.61,,black,brown,dark,25.7BBY,bespin,,A Human Female from Bespin.,25.7,Human
210,luma wind,human,male,1.77,52.8,,brown,dark,107.5BBY,takodana,148.5,A Human Male from Takodana.,107.5,Human
211,rey rex,twi'lek,female,1.74,53.2,,blue,green,210.1BBY,mon cala,,A Twi'lek Female from Mon Cala.,210.1,Non-Human
212,luma koon,human,male,1.81,107.0,brown,hazel,tan,468.9BBY,coruscant,,A Human Male from Coruscant.,468.9,Human
213,rey dark,gungan,male,2.11,76.9,,orange,brown,319.1BBY,kashyyyk,,A Gungan Male from Kashyyyk.,319.1,Non-Human
215,kira erso,human,male,1.66,63.6,grey,green,fair,44.2BBY,dagobah,140.9,A Human Male from Dagobah.,44.2,Human
216,padm dark,human,female,1.9,58.1,grey,brown,fair,342.1BBY,takodana,,A Human Female from Takodana.,342.1,Human
217,echo amidala,jawa,male,1.25,35.2,,orange,brown,221.9BBY,naboo,,A Jawa Male from Naboo.,221.9,Non-Human
218,bodhi walker,rodian,female,1.52,71.6,,black,blue-green,unknown,dagobah,443.6,A Rodian Female from Dagobah.,,Non-Human
219,baze moon,human,male,1.81,75.4,brown,brown,tan,248.1BBY,endor,272.7,A Human Male from Endor.,248.1,Human
220,mace wind,mon calamari,male,1.77,,,blue,blue,355.0BBY,alderaan,,A Mon Calamari Male from Alderaan.,355.0,Non-Human
221,zen light,rodian,female,1.55,70.0,,black,blue-green,399.5BBY,mon cala,453.5,A Rodian Female from Mon Cala.,399.5,Non-Human
222,jyn storm,human,male,1.88,67.3,brown,blue,fair,128.2BBY,coruscant,164.9,A Human Male from Coruscant.,128.2,Human
223,cody fisto,hutt,hermaphrodite,4.27,1119.0,,yellow,green,270.4BBY,dagobah,357.1,A Hutt Hermaphrodite from Dagobah.,270.4,Non-Human
224,fiv star,ewok,female,0.94,21.5,black,black,pink,493.4BBY,rodia,590.5,A Ewok Female from Rodia.,493.4,Non-Human
225,sora talon,twi'lek,male,,70.3,,yellow,yellow,233.6BBY,sullust,318.2,A Twi'lek Male from Sullust.,233.6,Non-Human
226,finn talon,wookiee,female,2.09,150.9,grey,blue,dark,204.3BBY,crait,302.6,A Wookiee Female from Crait.,204.3,Non-Human
227,saw tano,hutt,hermaphrodite,3.38,1233.0,,orange,green,unknown,exegol,,A Hutt Hermaphrodite from Exegol.,,Non-Human
228,shaak erso,gungan,female,1.92,75.6,,orange,brown,102.2BBY,crait,188.1,A Gungan Female from Crait.,102.2,Non-Human
230,k-2 walker,twi'lek,male,1.88,68.6,,green,red,334.3BBY,dagobah,,A Twi'lek Male from Dagobah.,334.3,Non-Human
231,saw cody,gungan,female,1.79,,,yellow,brown,429.3ABY,rodia,,A Gungan Female from Rodia.,-429.3,Non-Human
232,kit fett,twi'lek,female,1.87,46.3,,blue,white,294.4BBY,kashyyyk,,A Twi'lek Female from Kashyyyk.,294.4,Non-Human
234,finn rex,jawa,female,1.08,52.7,,orange,brown,205.0BBY,crait,298.3,A Jawa Female from Crait.,205.0,Non-Human
235,saw windu,wookiee,female,2.2,146.9,black,blue,brown,382.2BBY,jakku,413.7,A Wookiee Female from Jakku.,382.2,Non-Human
236,sora windu,human,female,1.79,,,green,pale,256.8BBY,sullust,,A Human Female from Sullust.,256.8,Human
237,dax amidala,human,female,1.66,71.0,,hazel,tan,14.3BBY,alderaan,86.3,A Human Female from Alderaan.,14.3,Human
238,mace vader,rodian,female,1.6,60.4,,black,blue-green,403.2BBY,geonosis,453.8,A Rodian Female from Geonosis.,403.2,Non-Human
239,mon solo,twi'lek,male,1.89,57.0,,blue,yellow,364.2BBY,takodana,,A Twi'lek Male from Takodana.,364.2,Non-Human
240,bail mothma,human,female,1.72,90.2,auburn,blue,tan,117.2BBY,bespin,,A Human Female from Bespin.,117.2,Human
241,plo kenobi,human,male,1.94,64.0,grey,hazel,pale,60.2ABY,kashyyyk,,A Human Male from Kashyyyk.,-60.2,Human
242,rey solo,gungan,female,1.86,67.5,,orange,orange,489.2BBY,coruscant,,A Gungan Female from Coruscant.,489.2,Non-Human
243,plo cloud,gungan,female,1.86,81.7,,yellow,brown,80.9BBY,tatooine,,A Gungan Female from Tatooine.,80.9,Non-Human
244,dax amidala,ewok,male,1.02,20.5,black,black,pink,377.4BBY,endor,435.9,A Ewok Male from Endor.,377.4,Non-Human
246,rex talon,human,male,1.78,61.1,brown,grey,tan,56.5BBY,alderaan,156.1,A Human Male from Alderaan.,56.5,Human
247,mon ginn,wookiee,male,2.24,147.1,brown,brown,brown,482.4BBY,takodana,532.0,A Wookiee Male from Takodana.,482.4,Non-Human
248,baze rex,wookiee,female,2.38,116.8,brown,brown,dark,425.5BBY,sullust,,A Wookiee Female from Sullust.,425.5,Non-Human
249,rex fett,gungan,female,1.75,64.4,,yellow,orange,484.8BBY,kashyyyk,,A Gungan Female from Kashyyyk.,484.8,Non-Human
250,voolv windu,jawa,female,0.96,34.0,,orange,brown,223.1ABY,crait,321.8,A Jawa Female from Crait.,-223.1,Non-Human
251,poe mothma,human,male,2.05,74.3,blond,grey,dark,147.8BBY,coruscant,209.2,A Human Male from Coruscant.,147.8,Human
252,bodhi mothma,twi'lek,female,1.67,61.4,,yellow,white,261.9BBY,tatooine,316.8,A Twi'lek Female from Tatooine.,261.9,Non-Human
253,cody mothma,human,male,1.76,72.6,brown,brown,fair,198.6BBY,rodia,,A Human Male from Rodia.,198.6,Human
254,dax tano,rodian,female,,75.1,,black,green,30.7BBY,sullust,,A Rodian Female from Sullust.,30.7,Non-Human
255,bail ginn,hutt,hermaphrodite,3.99,879.8,,yellow,green,232.5BBY,bothawui,,A Hutt Hermaphrodite from Bothawui.,232.5,Non-Human
256,voolv fett,rodian,female,1.7,79.2,,black,green,339.8BBY,exegol,386.8,A Rodian Female from Exegol.,339.8,Non-Human
257,kira talon,twi'lek,female,1.8,53.8,,green,yellow,57.5BBY,alderaan,130.1,A Twi'lek Female from Alderaan.,57.5,Non-Human
259,kira koon,human,male,1.84,56.0,auburn,blue,light,326.7BBY,coruscant,379.7,A Human Male from Coruscant.,326.7,Human
260,sora solo,mon calamari,male,1.73,74.4,,yellow,salmon,358.2ABY,geonosis,,A Mon Calamari Male from Geonosis.,-358.2,Non-Human
261,luma windu,twi'lek,female,1.82,66.7,,blue,blue,465.3BBY,takodana,,A Twi'lek Female from Takodana.,465.3,Non-Human
262,shaak sky,rodian,female,,63.8,,black,blue-green,186.7BBY,kamino,277.1,A Rodian Female from Kamino.,186.7,Non-Human
263,rey tano,human,female,,40.8,brown,grey,pale,64.3ABY,crait,109.6,A Human Female from Crait.,-64.3,Human
264,jax koon,gungan,female,1.88,63.2,,yellow,orange,368.8BBY,geonosis,392.5,A Gungan Female from Geonosis.,368.8,Non-Human
265,mika dark,zabrak,male,,91.8,black,red,pale,348.7BBY,takodana,412.3,A Zabrak Male from Takodana.,348.7,Non-Human
266,mon dameron,gungan,female,1.68,,,yellow,orange,161.2BBY,crait,,A Gungan Female from Crait.,161.2,Non-Human
268,ahs talon,rodian,female,1.56,81.8,,black,blue-green,unknown,dagobah,,A Rodian Female from Dagobah.,,Non-Human
269,elow vader,human,female,2.11,34.2,grey,green,tan,153.5BBY,geonosis,,A Human Female from Geonosis.,153.5,Human
270,dax amidala,human,female,1.62,86.4,,grey,dark,187.5BBY,hoth,276.1,A Human Female from Hoth.,187.5,Human
271,k-2 vader,human,male,1.68,79.4,grey,blue,dark,343.4ABY,rodia,,A Human Male from Rodia.,-343.4,Human
272,k-2 dameron,wookiee,male,2.15,,white,blue,brown,83.0BBY,rodia,,A Wookiee Male from Rodia.,83.0,Non-Human
273,kira amidala,jawa,female,0.61,35.7,,yellow,unknown,364.4BBY,mon cala,,A Jawa Female from Mon Cala.,364.4,Non-Human
274,saw organa,gungan,female,1.79,63.5,,orange,orange,20.3BBY,dagobah,,A Gungan Female from Dagobah.,20.3,Non-Human
275,zen star,wookiee,female,2.35,99.4,brown,brown,brown,67.3BBY,crait,,A Wookiee Female from Crait.,67.3,Non-Human
276,poe erso,human,male,1.66,84.7,,blue,tan,412.4BBY,kashyyyk,447.3,A Human Male from Kashyyyk.,412.4,Human
277,cody star,human,male,,63.2,brown,brown,pale,484.3BBY,exegol,,A Human Male from Exegol.,484.3,Human
278,plo fett,human,male,,80.5,grey,grey,dark,77.1BBY,dagobah,149.2,A Human Male from Dagobah.,77.1,Human
279,finn talon,zabrak,male,,65.5,,yellow,tan,257.8BBY,sullust,,A Zabrak Male from Sullust.,257.8,Non-Human
280,voolv tano,human,female,1.83,56.2,black,hazel,pale,22.0BBY,kamino,94.7,A Human Female from Kamino.,22.0,Human
281,poe dark,ewok,male,0.88,17.3,white,black,brown,unknown,sullust,177.2,A Ewok Male from Sullust.,,Non-Human
282,bail organa,wookiee,male,,150.5,brown,brown,brown,unknown,jakku,,A Wookiee Male from Jakku.,,Non-Human
283,rey windu,human,male,1.63,73.6,blond,blue,dark,145.6ABY,bespin,197.2,A Human Male from Bespin.,-145.6,Human
284,poe solo,jawa,female,0.98,51.5,,orange,unknown,477.6BBY,mon cala,,A Jawa Female from Mon Cala.,477.6,Non-Human
285,poe mothma,twi'lek,male,1.83,73.4,,brown,red,145.7BBY,coruscant,,A Twi'lek Male from Coruscant.,145.7,Non-Human
286,yora dark,human,female,1.88,81.4,black,hazel,dark,216.8BBY,kashyyyk,245.5,A Human Female from Kashyyyk.,216.8,Human
287,cass amidala,twi'lek,male,1.83,54.1,,brown,blue,89.3BBY,geonosis,,A Twi'lek Male from Geonosis.,89.3,Non-Human
288,chir wind,human,female,1.87,55.3,blond,brown,pale,460.4BBY,sullust,551.3,A Human Female from Sullust.,460.4,Human
289,ahs rex,wookiee,female,2.36,64.0,grey,brown,dark,323.3BBY,bothawui,377.3,A Wookiee Female from Bothawui.,323.3,Non-Human
290,plo star,hutt,hermaphrodite,3.38,899.0,,yellow,tan,180.3BBY,sullust,,A Hutt Hermaphrodite from Sullust.,180.3,Non-Human
291,jax moon,wookiee,female,2.27,120.2,brown,blue,dark,247.6BBY,naboo,312.6,A Wookiee Female from Naboo.,247.6,Non-Human
292,elow talon,human,female,1.81,58.6,black,brown,fair,303.7BBY,exegol,329.9,A Human Female from Exegol.,303.7,Human
293,fox talon,jawa,female,0.97,19.4,,orange,unknown,193.7ABY,tatooine,,A Jawa Female from Tatooine.,-193.7,Non-Human
294,dax cody,ewok,female,0.89,12.2,grey,brown,brown,315.9ABY,mon cala,,A Ewok Female from Mon Cala.,-315.9,Non-Human
295,elow fett,rodian,female,1.57,78.4,,black,green,470.0BBY,naboo,566.3,A Rodian Female from Naboo.,470.0,Non-Human
296,dax ti,gungan,female,1.91,66.8,,orange,orange,250.7BBY,sullust,,A Gungan Female from Sullust.,250.7,Non-Human
297,dax storm,gungan,female,1.73,52.1,,yellow,brown,479.5BBY,naboo,,A Gungan Female from Naboo.,479.5,Non-Human
298,echo tano,human,female,1.69,102.2,,hazel,tan,300.4ABY,bespin,347.4,A Human Female from Bespin.,-300.4,Human
299,plo walker,human,male,2.09,77.2,black,brown,tan,420.7BBY,dagobah,,A Human Male from Dagobah.,420.7,Human
300,bodhi tano,rodian,male,1.75,64.1,,black,blue-green,336.1ABY,alderaan,415.2,A Rodian Male from Alderaan.,-336.1,Non-Human
301,poe dameron,hutt,hermaphrodite,3.88,1172.6,,yellow,tan,307.8BBY,crait,392.4,A Hutt Hermaphrodite from Crait.,307.8,Non-Human
302,elow moon,human,male,2.04,58.5,grey,green,light,373.5BBY,alderaan,,A Human Male from Alderaan.,373.5,Human
303,jyn sun,gungan,female,1.85,65.9,,yellow,brown,84.8ABY,mon cala,,A Gungan Female from Mon Cala.,-84.8,Non-Human
304,mika windu,human,female,1.83,42.4,brown,grey,dark,181.7ABY,kamino,,A Human Female from Kamino.,-181.7,Human
305,k-2 sun,human,male,1.79,85.0,auburn,blue,pale,44.0BBY,kashyyyk,,A Human Male from Kashyyyk.,44.0,Human
307,sora kenobi,jawa,male,0.72,,,yellow,brown,394.1ABY,exegol,427.2,A Jawa Male from Exegol.,-394.1,Non-Human
308,fox wind,human,female,1.44,67.1,black,brown,dark,317.3ABY,naboo,390.4,A Human Female from Naboo.,-317.3,Human
309,dax storm,rodian,female,1.72,81.1,,black,green,86.1BBY,coruscant,173.7,A Rodian Female from Coruscant.,86.1,Non-Human
310,kit dark,ewok,female,0.76,20.7,grey,brown,pink,303.3BBY,mon cala,,A Ewok Female from Mon Cala.,303.3,Non-Human
311,mace sky,jawa,female,1.03,24.7,,orange,brown,unknown,jakku,,A Jawa Female from Jakku.,,Non-Human
312,kit koon,human,male,1.78,104.2,brown,grey,pale,330.6BBY,takodana,,A Human Male from Takodana.,330.6,Human
313,kit wind,zabrak,male,1.75,,black,yellow,pale,420.0BBY,mon cala,,A Zabrak Male from Mon Cala.,420.0,Non-Human
314,elow amidala,human,male,1.88,76.3,auburn,green,light,unknown,dagobah,,A Human Male from Dagobah.,,Human
315,jax sky,human,female,1.62,53.8,blond,grey,light,unknown,dagobah,396.1,A Human Female from Dagobah.,,Human
316,finn vader,human,male,1.9,77.6,grey,grey,tan,377.7BBY,bothawui,,A Human Male from Bothawui.,377.7,Human
317,rey amidala,human,male,1.59,48.0,grey,brown,fair,338.0ABY,tatooine,372.8,A Human Male from Tatooine.,-338.0,Human
318,elow sky,ewok,male,,15.9,white,brown,pink,471.8ABY,jakku,527.0,A Ewok Male from Jakku.,-471.8,Non-Human
319,qui kenobi,gungan,male,1.8,,,yellow,orange,362.7BBY,crait,,A Gungan Male from Crait.,362.7,Non-Human
320,elow tano,zabrak,male,1.83,79.8,black,yellow,tan,205.4BBY,naboo,,A Zabrak Male from Naboo.,205.4,Non-Human
322,cass windu,wookiee,female,,92.7,black,brown,dark,115.1BBY,jakku,,A Wookiee Female from Jakku.,115.1,Non-Human
323,zen talon,hutt,hermaphrodite,2.73,1185.7,,orange,brown,422.9BBY,alderaan,,A Hutt Hermaphrodite from Alderaan.,422.9,Non-Human
324,ahs born,hutt,hermaphrodite,3.34,1259.4,,yellow,tan,146.2BBY,endor,205.2,A Hutt Hermaphrodite from Endor.,146.2,Non-Human
325,finn storm,hutt,hermaphrodite,2.94,818.1,,yellow,brown,unknown,hoth,,A Hutt Hermaphrodite from Hoth.,,Non-Human
326,luma sun,twi'lek,female,1.79,49.9,,yellow,white,413.3ABY,alderaan,470.2,A Twi'lek Female from Alderaan.,-413.3,Non-Human
327,yora organa,wookiee,male,2.26,124.4,white,blue,dark,29.3BBY,jakku,117.0,A Wookiee Male from Jakku.,29.3,Non-Human
328,luma dark,gungan,male,,62.4,,orange,brown,483.4BBY,rodia,575.0,A Gungan Male from Rodia.,483.4,Non-Human
329,saw andor,human,female,1.85,65.0,,hazel,light,unknown,tatooine,173.0,A Human Female from Tatooine.,,Human
330,poe erso,hutt,hermaphrodite,4.38,,,yellow,green,275.6BBY,kashyyyk,339.0,A Hutt Hermaphrodite from Kashyyyk.,275.6,Non-Human
331,dax vader,jawa,female,1.12,44.2,,yellow,unknown,300.3ABY,endor,,A Jawa Female from Endor.,-300.3,Non-Human
332,kira light,rodian,male,1.59,59.3,,black,blue-green,426.4BBY,takodana,,A Rodian Male from Takodana.,426.4,Non-Human
333,finn rex,human,female,1.83,76.3,grey,brown,light,409.5BBY,geonosis,,A Human Female from Geonosis.,409.5,Human
334,cass fisto,mon calamari,female,1.79,,,yellow,brown,unknown,bothawui,,A Mon Calamari Female from Bothawui.,,Non-Human
335,mika windu,mon calamari,female,,68.3,,blue,blue,81.6ABY,endor,,A Mon Calamari Female from Endor.,-81.6,Non-Human
336,bail cloud,zabrak,male,1.79,73.7,,yellow,red,294.5BBY,kashyyyk,,A Zabrak Male from Kashyyyk.,294.5,Non-Human
337,qui sun,human,male,1.65,72.2,black,grey,tan,158.9BBY,exegol,196.0,A Human Male from Exegol.,158.9,Human
339,elow moon,zabrak,male,1.79,69.7,,yellow,pale,unknown,bespin,,A Zabrak Male from Bespin.,,Non-Human
340,yora tano,human,female,1.82,68.7,auburn,brown,tan,177.9BBY,kamino,212.1,A Human Female from Kamino.,177.9,Human
341,plo andor,wookiee,female,2.19,116.7,grey,brown,brown,114.7BBY,dagobah,,A Wookiee Female from Dagobah.,114.7,Non-Human
342,ahs cody,mon calamari,female,1.78,69.8,,orange,brown,386.4BBY,naboo,448.1,A Mon Calamari Female from Naboo.,386.4,Non-Human
343,qui talon,rodian,female,1.67,75.5,,black,blue-green,343.6ABY,mon cala,,A Rodian Female from Mon Cala.,-343.6,Non-Human
344,padm dark,twi'lek,female,,44.1,,brown,blue,171.1BBY,jakku,256.7,A Twi'lek Female from Jakku.,171.1,Non-Human
345,saw koon,rodian,female,1.69,77.5,,black,blue-green,unknown,bespin,,A Rodian Female from Bespin.,,Non-Human
346,rey walker,gungan,male,2.02,77.3,,orange,orange,unknown,alderaan,,A Gungan Male from Alderaan.,,Non-Human
347,bodhi star,ewok,male,,25.9,brown,brown,brown,372.4ABY,hoth,463.3,A Ewok Male from Hoth.,-372.4,Non-Human
348,ahs vader,human,female,2.05,105.8,brown,grey,dark,47.1BBY,coruscant,122.9,A Human Female from Coruscant.,47.1,Human
349,zen dameron,human,male,1.69,73.4,auburn,green,light,415.0ABY,kashyyyk,,A Human Male from Kashyyyk.,-415.0,Human
350,fiv wind,human,male,1.79,97.3,,green,tan,170.0ABY,rodia,195.0,A Human Male from Rodia.,-170.0,Human
351,chir organa,hutt,hermaphrodite,2.43,1341.0,,yellow,tan,311.2BBY,crait,371.0,A Hutt Hermaphrodite from Crait.,311.2,Non-Human
353,rey fett,human,female,1.91,59.2,,blue,pale,140.3BBY,kamino,,A Human Female from Kamino.,140.3,Human
354,mace dark,human,male,1.79,92.4,black,blue,light,unknown,bespin,488.5,A Human Male from Bespin.,,Human
355,kira ti,jawa,male,,50.2,,orange,unknown,313.0BBY,geonosis,374.5,A Jawa Male from Geonosis.,313.0,Non-Human
356,padm tano,jawa,female,1.12,37.6,,yellow,unknown,61.2BBY,takodana,84.8,A Jawa Female from Takodana.,61.2,Non-Human
357,bodhi star,rodian,male,1.71,50.7,,black,green,unknown,exegol,,A Rodian Male from Exegol.,,Non-Human
358,zen dark,gungan,female,1.99,65.9,,yellow,orange,19.4BBY,rodia,83.8,A Gungan Female from Rodia.,19.4,Non-Human
359,cody solo,human,male,1.64,89.3,black,brown,light,349.4BBY,tatooine,400.2,A Human Male from Tatooine.,349.4,Human
360,mace cody,zabrak,male,1.69,72.1,black,red,tan,unknown,bothawui,,A Zabrak Male from Bothawui.,,Non-Human
361,yora amidala,human,male,1.76,,grey,hazel,pale,126.0BBY,bespin,224.3,A Human Male from Bespin.,126.0,Human
362,poe ti,wookiee,male,2.32,83.3,grey,brown,dark,280.4ABY,jakku,,A Wookiee Male from Jakku.,-280.4,Non-Human
363,poe storm,jawa,male,1.2,37.6,,yellow,brown,109.5BBY,kashyyyk,175.6,A Jawa Male from Kashyyyk.,109.5,Non-Human
364,mika talon,gungan,female,2.01,62.7,,yellow,orange,151.9ABY,rodia,,A Gungan Female from Rodia.,-151.9,Non-Human
365,saw dameron,human,female,1.83,63.2,,grey,tan,60.0BBY,coruscant,,A Human Female from Coruscant.,60.0,Human
366,qui mothma,mon calamari,female,1.85,61.3,,orange,brown,unknown,endor,,A Mon Calamari Female from Endor.,,Non-Human
367,cass cloud,hutt,hermaphrodite,4.16,1151.3,,orange,green,195.2BBY,endor,,A Hutt Hermaphrodite from Endor.,195.2,Non-Human
368,bodhi moon,twi'lek,female,1.69,57.5,,green,yellow,140.4ABY,geonosis,201.7,A Twi'lek Female from Geonosis.,-140.4,Non-Human
369,ahs ginn,wookiee,male,2.19,114.6,black,blue,brown,111.6BBY,takodana,,A Wookiee Male from Takodana.,111.6,Non-Human
370,rey solo,rodian,female,1.82,56.9,,black,blue-green,unknown,jakku,,A Rodian Female from Jakku.,,Non-Human
371,jax wind,human,female,1.65,78.7,grey,grey,light,327.4BBY,takodana,386.6,A Human Female from Takodana.,327.4,Human
372,elow fisto,mon calamari,male,1.78,94.1,,blue,brown,170.1ABY,endor,263.9,A Mon Calamari Male from Endor.,-170.1,Non-Human
373,saw dark,zabrak,male,1.82,87.6,,red,yellow,104.2ABY,rodia,178.4,A Zabrak Male from Rodia.,-104.2,Non-Human
374,baze kenobi,human,male,1.62,89.9,,blue,tan,58.3BBY,jakku,,A Human Male from Jakku.,58.3,Human
375,mika koon,gungan,male,,62.2,,yellow,orange,210.9BBY,hoth,231.9,A Gungan Male from Hoth.,210.9,Non-Human
376,zen born,jawa,male,0.93,28.9,,orange,unknown,236.9BBY,naboo,,A Jawa Male from Naboo.,236.9,Non-Human
377,fiv koon,twi'lek,female,1.81,48.9,,brown,red,111.2ABY,bespin,,A Twi'lek Female from Bespin.,-111.2,Non-Human
378,mon ti,zabrak,male,1.9,68.0,,yellow,red,37.7BBY,tatooine,,A Zabrak Male from Tatooine.,37.7,Non-Human
379,shaak moon,human,male,,60.4,auburn,green,tan,unknown,exegol,,A Human Male from Exegol.,,Human
380,fiv koon,human,male,1.8,,brown,hazel,fair,217.8ABY,naboo,,A Human Male from Naboo.,-217.8,Human
381,bail storm,zabrak,female,1.67,82.1,,red,red,44.2BBY,hoth,111.1,A Zabrak Female from Hoth.,44.2,Non-Human
382,kit fett,human,male,1.71,85.0,auburn,blue,light,465.6BBY,mon cala,501.3,A Human Male from Mon Cala.,465.6,Human
383,k-2 koon,zabrak,male,1.66,90.2,,red,yellow,426.0BBY,exegol,469.4,A Zabrak Male from Exegol.,426.0,Non-Human
384,poe star,human,male,1.8,,blond,grey,light,363.6BBY,bespin,463.1,A Human Male from Bespin.,363.6,Human
385,jyn light,wookiee,male,,121.6,white,brown,dark,456.5BBY,geonosis,517.8,A Wookiee Male from Geonosis.,456.5,Non-Human
386,ahs rex,wookiee,female,,107.1,brown,brown,dark,483.1BBY,hoth,532.4,A Wookiee Female from Hoth.,483.1,Non-Human
387,rey born,wookiee,male,2.04,117.0,white,brown,dark,56.1BBY,tatooine,,A Wookiee Male from Tatooine.,56.1,Non-Human
389,elow cloud,ewok,male,0.81,25.0,black,black,brown,25.2ABY,hoth,,A Ewok Male from Hoth.,-25.2,Non-Human
390,baze cody,hutt,hermaphrodite,3.75,1464.1,,orange,tan,429.3ABY,exegol,457.0,A Hutt Hermaphrodite from Exegol.,-429.3,Non-Human
391,yora amidala,human,female,1.78,78.1,black,blue,pale,328.5ABY,hoth,407.7,A Human Female from Hoth.,-328.5,Human
392,kira mothma,mon calamari,male,1.82,68.0,,yellow,brown,58.6BBY,mon cala,,A Mon Calamari Male from Mon Cala.,58.6,Non-Human
393,poe fisto,mon calamari,male,,80.8,,blue,salmon,374.5BBY,alderaan,414.6,A Mon Calamari Male from Alderaan.,374.5,Non-Human
394,baze light,ewok,female,,15.1,white,brown,brown,224.9BBY,jakku,259.3,A Ewok Female from Jakku.,224.9,Non-Human
395,rex fett,human,female,1.64,73.9,black,grey,tan,125.3BBY,sullust,,A Human Female from Sullust.,125.3,Human
396,sora talon,zabrak,female,1.92,75.0,black,brown,tan,156.2BBY,mon cala,184.2,A Zabrak Female from Mon Cala.,156.2,Non-Human
397,cass kenobi,wookiee,female,2.4,124.3,brown,blue,brown,150.3BBY,geonosis,227.0,A Wookiee Female from Geonosis.,150.3,Non-Human
398,rex fisto,gungan,male,1.95,62.2,,yellow,orange,163.7BBY,bothawui,248.1,A Gungan Male from Bothawui.,163.7,Non-Human
399,luma fisto,gungan,female,1.82,79.6,,yellow,orange,138.9ABY,kashyyyk,,A Gungan Female from Kashyyyk.,-138.9,Non-Human
401,finn windu,zabrak,male,1.8,72.2,,brown,tan,456.2ABY,takodana,,A Zabrak Male from Takodana.,-456.2,Non-Human
402,toro ginn,twi'lek,female,1.8,56.5,,green,green,428.4ABY,takodana,,A Twi'lek Female from Takodana.,-428.4,Non-Human
403,finn andor,human,female,1.49,75.2,auburn,grey,tan,240.5BBY,dagobah,,A Human Female from Dagobah.,240.5,Human
404,baze cloud,mon calamari,female,1.91,71.0,,yellow,brown,496.1BBY,tatooine,547.4,A Mon Calamari Female from Tatooine.,496.1,Non-Human
405,k-2 born,rodian,male,1.68,49.7,,black,blue-green,488.5BBY,alderaan,,A Rodian Male from Alderaan.,488.5,Non-Human
406,cody amidala,zabrak,male,1.79,71.0,black,yellow,tan,156.5BBY,exegol,,A Zabrak Male from Exegol.,156.5,Non-Human
407,mace moon,jawa,male,1.16,25.4,,yellow,brown,unknown,rodia,531.2,A Jawa Male from Rodia.,,Non-Human
408,jyn born,human,male,1.66,,brown,grey,light,unknown,bothawui,154.2,A Human Male from Bothawui.,,Human
409,fox ti,jawa,male,0.79,30.6,,yellow,unknown,406.2BBY,hoth,,A Jawa Male from Hoth.,406.2,Non-Human
410,rey born,wookiee,male,2.36,95.7,black,blue,brown,17.5BBY,hoth,,A Wookiee Male from Hoth.,17.5,Non-Human
411,ahs andor,gungan,female,,62.1,,yellow,orange,99.2ABY,rodia,142.2,A Gungan Female from Rodia.,-99.2,Non-Human
412,toro walker,twi'lek,female,1.73,57.9,,yellow,blue,88.7ABY,alderaan,163.8,A Twi'lek Female from Alderaan.,-88.7,Non-Human
413,jyn star,gungan,male,,63.7,,yellow,orange,22.9BBY,endor,62.7,A Gungan Male from Endor.,22.9,Non-Human
414,shaak talon,wookiee,male,2.04,148.3,grey,blue,brown,140.4BBY,exegol,161.4,A Wookiee Male from Exegol.,140.4,Non-Human
415,rey ginn,ewok,male,0.95,26.4,black,black,pink,181.1BBY,takodana,209.1,A Ewok Male from Takodana.,181.1,Non-Human
416,saw tano,gungan,female,,,,yellow,brown,335.3BBY,jakku,359.6,A Gungan Female from Jakku.,335.3,Non-Human
417,echo cody,jawa,female,0.95,29.6,,orange,unknown,417.1BBY,hoth,487.1,A Jawa Female from Hoth.,417.1,Non-Human
418,rex wind,human,female,1.74,,,brown,pale,147.4BBY,kamino,,A Human Female from Kamino.,147.4,Human
419,rex storm,ewok,female,,28.5,white,black,pink,112.6BBY,bothawui,204.5,A Ewok Female from Bothawui.,112.6,Non-Human
420,cass cloud,rodian,female,1.68,81.0,,black,green,297.3BBY,geonosis,,A Rodian Female from Geonosis.,297.3,Non-Human
421,fox light,twi'lek,male,1.72,83.6,,blue,yellow,unknown,sullust,237.8,A Twi'lek Male from Sullust.,,Non-Human
422,qui star,jawa,female,1.06,28.5,,yellow,brown,318.1ABY,takodana,339.0,A Jawa Female from Takodana.,-318.1,Non-Human
423,kira fett,wookiee,male,2.29,98.3,black,brown,brown,161.8ABY,crait,,A Wookiee Male from Crait.,-161.8,Non-Human
424,bail erso,human,male,1.73,80.1,auburn,green,pale,420.7BBY,kashyyyk,495.7,A Human Male from Kashyyyk.,420.7,Human
425,kit windu,twi'lek,female,1.84,64.6,,green,pink,194.0ABY,jakku,239.9,A Twi'lek Female from Jakku.,-194.0,Non-Human
426,cass organa,jawa,female,0.93,35.8,,yellow,brown,104.9BBY,bespin,,A Jawa Female from Bespin.,104.9,Non-Human
427,echo cloud,rodian,female,1.74,68.1,,black,green,292.7BBY,hoth,372.5,A Rodian Female from Hoth.,292.7,Non-Human
428,ahs ti,hutt,hermaphrodite,3.4,1293.0,,yellow,tan,208.4BBY,sullust,,A Hutt Hermaphrodite from Sullust.,208.4,Non-Human
429,saw windu,zabrak,male,1.92,70.8,black,yellow,tan,106.6BBY,kamino,136.7,A Zabrak Male from Kamino.,106.6,Non-Human
430,kira cloud,gungan,male,1.94,87.0,,orange,orange,331.1ABY,sullust,,A Gungan Male from Sullust.,-331.1,Non-Human
431,jax andor,human,female,1.61,62.0,grey,hazel,pale,unknown,naboo,385.1,A Human Female from Naboo.,,Human
432,mika amidala,mon calamari,male,1.81,67.1,,blue,brown,404.3BBY,tatooine,434.4,A Mon Calamari Male from Tatooine.,404.3,Non-Human
433,kira andor,rodian,female,1.61,65.4,,black,green,312.1BBY,tatooine,335.7,A Rodian Female from Tatooine.,312.1,Non-Human
434,echo sky,jawa,female,1.12,32.3,,orange,brown,413.8BBY,sullust,,A Jawa Female from Sullust.,413.8,Non-Human
435,kira erso,rodian,female,1.71,79.2,,black,blue-green,102.2BBY,rodia,163.2,A Rodian Female from Rodia.,102.2,Non-Human
436,fiv born,ewok,male,1.07,13.5,black,black,brown,307.3ABY,tatooine,,A Ewok Male from Tatooine.,-307.3,Non-Human
437,zen sky,human,male,1.92,50.5,grey,hazel,tan,150.6BBY,dagobah,,A Human Male from Dagobah.,150.6,Human
438,elow ti,mon calamari,female,1.79,86.7,,yellow,blue,unknown,kamino,,A Mon Calamari Female from Kamino.,,Non-Human
439,bodhi amidala,rodian,female,1.74,72.0,,black,green,309.2BBY,jakku,367.4,A Rodian Female from Jakku.,309.2,Non-Human
440,fiv talon,zabrak,male,1.63,,black,yellow,red,152.2BBY,sullust,212.9,A Zabrak Male from Sullust.,152.2,Non-Human
441,mika ti,human,male,1.68,85.3,brown,hazel,tan,284.5ABY,geonosis,,A Human Male from Geonosis.,-284.5,Human
442,dax cloud,human,female,1.55,82.4,auburn,grey,pale,97.2BBY,bespin,,A Human Female from Bespin.,97.2,Human
443,yora organa,human,female,1.61,85.1,auburn,hazel,fair,24.9BBY,geonosis,113.5,A Human Female from Geonosis.,24.9,Human
444,zen star,human,female,1.64,67.3,brown,green,tan,104.2BBY,bothawui,,A Human Female from Bothawui.,104.2,Human
445,fiv kenobi,human,female,1.97,67.8,brown,brown,fair,140.3ABY,kamino,180.5,A Human Female from Kamino.,-140.3,Human
446,rex cloud,gungan,male,1.85,64.4,,orange,brown,402.4BBY,bothawui,,A Gungan Male from Bothawui.,402.4,Non-Human
447,shaak rex,gungan,male,1.83,76.0,,orange,brown,203.6BBY,crait,264.0,A Gungan Male from Crait.,203.6,Non-Human
448,rey dark,jawa,male,,42.0,,yellow,brown,247.4BBY,dagobah,304.7,A Jawa Male from Dagobah.,247.4,Non-Human
450,rex solo,ewok,female,,20.3,white,black,brown,90.4BBY,bespin,170.3,A Ewok Female from Bespin.,90.4,Non-Human
451,chir dameron,jawa,male,1.06,40.3,,yellow,brown,112.1BBY,tatooine,134.7,A Jawa Male from Tatooine.,112.1,Non-Human
452,luma dark,mon calamari,male,1.8,74.8,,yellow,salmon,91.6ABY,kamino,,A Mon Calamari Male from Kamino.,-91.6,Non-Human
453,yora windu,twi'lek,female,1.68,60.6,,brown,red,308.2BBY,kashyyyk,,A Twi'lek Female from Kashyyyk.,308.2,Non-Human
454,dax tano,rodian,male,1.69,81.9,,black,blue-green,211.1BBY,mon cala,,A Rodian Male from Mon Cala.,211.1,Non-Human
455,jyn moon,twi'lek,male,1.79,,,yellow,green,328.9BBY,bothawui,,A Twi'lek Male from Bothawui.,328.9,Non-Human
456,sora windu,human,female,1.81,100.2,blond,grey,tan,25.1ABY,takodana,,A Human Female from Takodana.,-25.1,Human
457,rey sky,zabrak,male,,93.8,black,red,red,63.2BBY,endor,,A Zabrak Male from Endor.,63.2,Non-Human
458,poe erso,human,male,1.8,89.5,,brown,tan,unknown,tatooine,,A Human Male from Tatooine.,,Human
459,mace erso,ewok,male,0.74,18.0,white,black,brown,246.0BBY,geonosis,288.7,A Ewok Male from Geonosis.,246.0,Non-Human
460,plo tano,zabrak,male,1.83,82.2,,yellow,red,408.8BBY,bespin,481.8,A Zabrak Male from Bespin.,408.8,Non-Human
461,bail kenobi,ewok,male,0.9,,black,black,pink,209.7BBY,crait,253.8,A Ewok Male from Crait.,209.7,Non-Human
462,dax moon,jawa,male,1.24,28.0,,orange,brown,126.6BBY,endor,,A Jawa Male from Endor.,126.6,Non-Human
464,cass walker,gungan,female,1.72,58.4,,orange,brown,438.2BBY,mon cala,,A Gungan Female from Mon Cala.,438.2,Non-Human
465,toro solo,wookiee,female,2.13,103.2,grey,brown,brown,232.9ABY,naboo,,A Wookiee Female from Naboo.,-232.9,Non-Human
466,elow wind,zabrak,male,1.86,85.6,black,yellow,pale,238.7BBY,alderaan,,A Zabrak Male from Alderaan.,238.7,Non-Human
467,padm andor,jawa,male,0.94,44.0,,orange,brown,338.1BBY,jakku,,A Jawa Male from Jakku.,338.1,Non-Human
468,zen cloud,human,female,,78.0,black,brown,tan,317.2ABY,endor,,A Human Female from Endor.,-317.2,Human
469,echo wind,human,male,,100.2,black,blue,pale,410.3BBY,exegol,,A Human Male from Exegol.,410.3,Human
470,jyn vader,human,male,1.66,71.9,auburn,blue,tan,311.1ABY,jakku,,A Human Male from Jakku.,-311.1,Human
471,bodhi solo,human,female,1.78,48.0,,brown,pale,260.7ABY,rodia,,A Human Female from Rodia.,-260.7,Human
472,mace fett,wookiee,male,2.26,109.4,grey,brown,brown,31.9BBY,sullust,64.8,A Wookiee Male from Sullust.,31.9,Non-Human
473,saw koon,twi'lek,male,1.81,41.9,,blue,white,136.6BBY,takodana,,A Twi'lek Male from Takodana.,136.6,Non-Human
474,plo star,mon calamari,female,,76.4,,yellow,brown,313.7ABY,takodana,403.2,A Mon Calamari Female from Takodana.,-313.7,Non-Human
475,rex dameron,hutt,hermaphrodite,3.23,1127.0,,orange,brown,294.3BBY,exegol,320.6,A Hutt Hermaphrodite from Exegol.,294.3,Non-Human
476,plo andor,human,female,1.68,68.6,brown,brown,dark,204.2BBY,tatooine,,A Human Female from Tatooine.,204.2,Human
477,k-2 wind,mon calamari,male,,86.9,,yellow,brown,142.1BBY,bothawui,164.4,A Mon Calamari Male from Bothawui.,142.1,Non-Human
478,cass amidala,zabrak,male,1.65,76.6,,red,pale,368.5ABY,kamino,398.5,A Zabrak Male from Kamino.,-368.5,Non-Human
479,padm solo,ewok,male,0.91,,white,brown,brown,57.3ABY,bespin,,A Ewok Male from Bespin.,-57.3,Non-Human
480,kit storm,human,male,2.03,84.0,,brown,tan,451.1ABY,naboo,,A Human Male from Naboo.,-451.1,Human
481,bodhi star,human,male,1.73,76.6,,green,light,155.0BBY,alderaan,,A Human Male from Alderaan.,155.0,Human
482,fiv amidala,jawa,female,0.71,41.1,,orange,brown,54.6BBY,bothawui,,A Jawa Female from Bothawui.,54.6,Non-Human
483,baze storm,ewok,male,1.02,11.9,grey,black,brown,69.8ABY,takodana,,A Ewok Male from Takodana.,-69.8,Non-Human
484,fox windu,twi'lek,female,1.76,50.1,,blue,red,87.5BBY,endor,,A Twi'lek Female from Endor.,87.5,Non-Human
485,jax light,rodian,male,1.63,58.0,,black,green,257.6ABY,dagobah,280.8,A Rodian Male from Dagobah.,-257.6,Non-Human
486,kira sky,mon calamari,female,1.87,75.8,,blue,salmon,232.8BBY,takodana,294.2,A Mon Calamari Female from Takodana.,232.8,Non-Human
487,rey wind,mon calamari,male,1.79,59.8,,orange,brown,429.2BBY,jakku,,A Mon Calamari Male from Jakku.,429.2,Non-Human
488,finn koon,wookiee,male,2.11,98.4,brown,blue,brown,315.2BBY,bothawui,393.2,A Wookiee Male from Bothawui.,315.2,Non-Human
489,luma sky,ewok,female,0.93,14.7,white,black,brown,228.3BBY,bespin,,A Ewok Female from Bespin.,228.3,Non-Human
490,cass cody,human,male,1.87,70.3,brown,hazel,fair,322.4BBY,mon cala,409.3,A Human Male from Mon Cala.,322.4,Human
491,dax vader,hutt,hermaphrodite,3.9,,,yellow,tan,84.2BBY,tatooine,109.3,A Hutt Hermaphrodite from Tatooine.,84.2,Non-Human
492,rey wind,gungan,female,1.91,73.6,,yellow,orange,342.0ABY,hoth,413.2,A Gungan Female from Hoth.,-342.0,Non-Human
493,voolv tano,human,female,1.55,72.3,,blue,fair,62.9BBY,alderaan,,A Human Female from Alderaan.,62.9,Human
494,shaak walker,rodian,male,1.54,82.1,,black,green,21.0BBY,alderaan,,A Rodian Male from Alderaan.,21.0,Non-Human
495,voolv kenobi,ewok,female,0.95,21.3,white,brown,brown,unknown,coruscant,,A Ewok Female from Coruscant.,,Non-Human
496,baze koon,human,female,1.87,57.0,blond,blue,fair,50.1BBY,mon cala,144.4,A Human Female from Mon Cala.,50.1,Human
497,dax light,mon calamari,female,1.82,88.5,,orange,brown,171.6BBY,bothawui,200.1,A Mon Calamari Female from Bothawui.,171.6,Non-Human
498,padm dameron,human,female,1.75,52.5,grey,hazel,fair,128.6BBY,rodia,,A Human Female from Rodia.,128.6,Human
499,cody erso,ewok,male,0.8,25.3,white,brown,brown,252.4BBY,coruscant,341.5,A Ewok Male from Coruscant.,252.4,Non-Human
500,poe talon,twi'lek,male,1.66,50.4,,brown,yellow,179.0BBY,naboo,213.2,A Twi'lek Male from Naboo.,179.0,Non-Human
501,rey koon,ewok,female,0.94,10.0,white,black,pink,468.8BBY,coruscant,527.5,A Ewok Female from Coruscant.,468.8,Non-Human
503,echo dameron,gungan,female,1.86,81.4,,yellow,orange,313.0ABY,bothawui,411.8,A Gungan Female from Bothawui.,-313.0,Non-Human
504,dax light,twi'lek,male,1.84,67.5,,yellow,yellow,32.4BBY,rodia,,A Twi'lek Male from Rodia.,32.4,Non-Human
505,mika organa,rodian,female,1.57,37.3,,black,blue-green,275.7ABY,endor,,A Rodian Female from Endor.,-275.7,Non-Human
506,cass windu,mon calamari,male,1.83,86.1,,orange,salmon,445.0BBY,jakku,,A Mon Calamari Male from Jakku.,445.0,Non-Human
507,shaak ti,jawa,female,0.88,32.9,,yellow,brown,135.6BBY,sullust,,A Jawa Female from Sullust.,135.6,Non-Human
508,jyn moon,twi'lek,male,1.63,51.5,,blue,yellow,309.2BBY,sullust,,A Twi'lek Male from Sullust.,309.2,Non-Human
509,rex walker,human,female,1.68,56.8,black,green,dark,251.8BBY,hoth,,A Human Female from Hoth.,251.8,Human
510,mace fisto,human,female,1.81,73.5,,hazel,pale,114.8BBY,rodia,,A Human Female from Rodia.,114.8,Human
511,cody cloud,human,male,1.73,64.3,grey,hazel,light,438.1BBY,kashyyyk,537.1,A Human Male from Kashyyyk.,438.1,Human
512,dax storm,rodian,female,,76.9,,black,blue-green,254.4BBY,kashyyyk,,A Rodian Female from Kashyyyk.,254.4,Non-Human
513,rex born,twi'lek,female,1.59,52.7,,blue,green,471.3BBY,sullust,,A Twi'lek Female from Sullust.,471.3,Non-Human
514,zen vader,gungan,male,,67.7,,yellow,brown,371.6BBY,takodana,398.6,A Gungan Male from Takodana.,371.6,Non-Human
515,shaak ginn,hutt,hermaphrodite,3.27,1070.1,,yellow,tan,212.4BBY,bothawui,306.8,A Hutt Hermaphrodite from Bothawui.,212.4,Non-Human
516,k-2 erso,human,male,1.69,77.7,blond,grey,tan,210.9BBY,mon cala,,A Human Male from Mon Cala.,210.9,Human
517,mace fett,mon calamari,female,1.74,77.5,,orange,salmon,422.5BBY,naboo,487.9,A Mon Calamari Female from Naboo.,422.5,Non-Human
518,fiv mothma,twi'lek,female,1.76,64.9,,brown,yellow,246.5BBY,naboo,,A Twi'lek Female from Naboo.,246.5,Non-Human
519,qui sun,hutt,hermaphrodite,2.84,1364.5,,orange,brown,161.4ABY,geonosis,,A Hutt Hermaphrodite from Geonosis.,-161.4,Non-Human
520,jax andor,human,male,1.71,63.6,blond,hazel,fair,336.9BBY,naboo,,A Human Male from Naboo.,336.9,Human
521,echo organa,jawa,female,0.95,30.6,,orange,unknown,unknown,exegol,,A Jawa Female from Exegol.,,Non-Human
522,padm born,zabrak,female,,61.2,black,yellow,tan,294.9BBY,dagobah,,A Zabrak Female from Dagobah.,294.9,Non-Human
523,cody ti,human,male,1.86,78.1,brown,brown,fair,245.5BBY,bespin,,A Human Male from Bespin.,245.5,Human
524,finn wind,wookiee,female,2.2,,white,brown,brown,198.3ABY,rodia,225.5,A Wookiee Female from Rodia.,-198.3,Non-Human
525,voolv dark,zabrak,female,1.69,78.1,black,yellow,pale,unknown,geonosis,,A Zabrak Female from Geonosis.,,Non-Human
526,kit rex,human,male,1.88,76.5,brown,blue,light,391.0BBY,geonosis,,A Human Male from Geonosis.,391.0,Human
528,kira kenobi,rodian,female,1.47,,,black,blue-green,450.2BBY,sullust,,A Rodian Female from Sullust.,450.2,Non-Human
529,cody vader,jawa,male,0.91,81.0,,yellow,unknown,438.3BBY,bespin,499.3,A Jawa Male from Bespin.,438.3,Non-Human
530,kira andor,rodian,male,1.47,65.6,,black,green,198.7ABY,exegol,277.7,A Rodian Male from Exegol.,-198.7,Non-Human
531,jax vader,human,male,1.7,59.0,grey,hazel,light,268.2BBY,hoth,,A Human Male from Hoth.,268.2,Human
532,voolv organa,human,male,1.6,50.5,,grey,light,458.4BBY,naboo,505.5,A Human Male from Naboo.,458.4,Human
533,kit moon,hutt,hermaphrodite,3.54,1018.0,,yellow,brown,187.9BBY,exegol,,A Hutt Hermaphrodite from Exegol.,187.9,Non-Human
534,saw sun,gungan,female,1.85,81.7,,yellow,orange,432.5BBY,crait,499.6,A Gungan Female from Crait.,432.5,Non-Human
535,dax dameron,rodian,female,1.69,61.4,,black,green,90.9ABY,mon cala,,A Rodian Female from Mon Cala.,-90.9,Non-Human
536,voolv sun,human,male,1.8,52.6,grey,grey,light,399.9ABY,hoth,431.5,A Human Male from Hoth.,-399.9,Human
537,plo rex,zabrak,male,1.66,81.5,,red,red,21.8BBY,kamino,,A Zabrak Male from Kamino.,21.8,Non-Human
538,padm mothma,ewok,male,1.11,28.3,grey,black,brown,257.1ABY,endor,321.0,A Ewok Male from Endor.,-257.1,Non-Human
539,voolv erso,hutt,hermaphrodite,3.02,1040.1,,yellow,green,unknown,mon cala,,A Hutt Hermaphrodite from Mon Cala.,,Non-Human
540,mace solo,wookiee,male,,154.5,black,blue,brown,396.6BBY,jakku,,A Wookiee Male from Jakku.,396.6,Non-Human
541,cass tano,human,female,1.92,81.5,blond,brown,fair,257.4ABY,kashyyyk,322.2,A Human Female from Kashyyyk.,-257.4,Human
542,elow walker,gungan,female,1.94,59.5,,yellow,brown,359.9ABY,hoth,387.5,A Gungan Female from Hoth.,-359.9,Non-Human
543,dax cody,jawa,male,0.96,22.7,,yellow,unknown,153.1BBY,naboo,206.3,A Jawa Male from Naboo.,153.1,Non-Human
544,baze tano,wookiee,female,2.08,105.7,grey,blue,dark,unknown,hoth,,A Wookiee Female from Hoth.,,Non-Human
545,bail talon,human,female,1.62,,blond,brown,pale,50.5BBY,kamino,144.9,A Human Female from Kamino.,50.5,Human
546,mace storm,zabrak,male,1.81,83.6,black,brown,pale,110.5ABY,bespin,204.9,A Zabrak Male from Bespin.,-110.5,Non-Human
547,ahs fisto,hutt,hermaphrodite,2.9,833.9,,orange,tan,62.2BBY,bothawui,159.0,A Hutt Hermaphrodite from Bothawui.,62.2,Non-Human
548,luma kenobi,rodian,male,1.43,68.2,,black,blue-green,380.8BBY,naboo,465.1,A Rodian Male from Naboo.,380.8,Non-Human
549,cody walker,human,female,1.84,82.0,blond,grey,dark,449.2ABY,sullust,483.1,A Human Female from Sullust.,-449.2,Human
550,luma fisto,human,female,1.66,71.1,brown,grey,pale,unknown,rodia,,A Human Female from Rodia.,,Human
551,jyn fisto,hutt,hermaphrodite,4.27,971.5,,yellow,green,437.4BBY,bothawui,498.6,A Hutt Hermaphrodite from Bothawui.,437.4,Non-Human
552,mace mothma,hutt,hermaphrodite,,,,yellow,green,140.8BBY,kamino,207.2,A Hutt Hermaphrodite from Kamino.,140.8,Non-Human
553,mika born,mon calamari,female,1.84,74.8,,yellow,salmon,96.5BBY,alderaan,180.7,A Mon Calamari Female from Alderaan.,96.5,Non-Human
554,yora mothma,human,male,1.67,70.9,auburn,green,pale,unknown,alderaan,220.8,A Human Male from Alderaan.,,Human
555,sora windu,human,female,1.49,73.6,,hazel,light,92.6BBY,mon cala,167.3,A Human Female from Mon Cala.,92.6,Human
